Employee_ID,Department,Age,Salary,Projects_Completed,Working_Hours,Performance_Score,Promotion_Status
EMP1001,Operations,28,28278,9,37,54,No
EMP1002,HR,55,36395,19,43,42,Yes
EMP1003,IT,35,91237,20,30,75,Yes
EMP1004,Operations,55,79987,8,44,77,Yes
EMP1005,HR,31,116506,14,40,57,No
EMP1006,Sales,27,37156,13,33,62,No
EMP1007,Marketing,37,30695,15,47,47,No
EMP1008,Finance,26,97357,10,56,80,Yes
EMP1009,Sales,57,50203,3,31,82,Yes
EMP1010,Sales,26,55512,4,42,57,No
EMP1011,Sales,31,73520,12,36,82,Yes
EMP1012,Operations,25,104840,6,47,86,Yes
EMP1013,Finance,45,60382,18,37,83,Yes
EMP1014,HR,35,29207,11,42,57,Yes
EMP1015,Marketing,41,52869,16,42,96,No
EMP1016,Finance,30,59718,5,37,87,Yes
EMP1017,Sales,58,81155,19,42,63,No
EMP1018,IT,53,89686,3,54,43,No
EMP1019,IT,31,114192,14,49,44,No
EMP1020,Marketing,50,94352,9,47,95,No
EMP1021,Operations,28,114353,18,54,57,No
EMP1022,Sales,28,63469,14,35,69,Yes
EMP1023,Operations,37,90612,6,46,98,Yes
EMP1024,Operations,40,108748,17,49,52,No
EMP1025,IT,55,94514,1,49,60,No
EMP1026,HR,44,65306,8,31,55,No
EMP1027,HR,26,88699,3,54,74,No
EMP1028,IT,51,97063,6,38,73,No
EMP1029,Finance,34,95686,7,52,59,No
EMP1030,Operations,44,82422,17,44,47,No
EMP1031,HR,42,27757,19,47,54,No
EMP1032,HR,25,117778,2,37,44,No
EMP1033,Sales,25,92391,8,38,82,Yes
EMP1034,Marketing,29,119811,19,48,70,Yes
EMP1035,Finance,47,49957,4,33,82,Yes
EMP1036,Finance,47,86213,2,51,81,No
EMP1037,HR,24,77772,11,55,95,Yes
EMP1038,IT,33,95292,15,34,67,Yes
EMP1039,Finance,36,34880,15,55,95,No
EMP1040,HR,24,110477,18,56,40,No
EMP1041,IT,31,78269,16,45,53,No
EMP1042,HR,31,74672,1,42,56,No
EMP1043,Finance,39,80444,18,51,85,Yes
EMP1044,IT,39,53534,2,48,87,Yes
EMP1045,Operations,41,32492,2,48,70,No
EMP1046,Marketing,31,32455,17,32,94,Yes
EMP1047,Marketing,25,113501,8,42,47,No
EMP1048,Marketing,36,100880,20,31,79,Yes
EMP1049,Operations,58,99085,17,40,99,Yes
EMP1050,Operations,41,56285,9,42,48,No
EMP1051,Sales,50,66441,3,30,69,No
EMP1052,Marketing,27,34602,18,36,72,Yes
EMP1053,Sales,25,57018,12,39,50,No
EMP1054,Marketing,40,105173,17,30,82,No
EMP1055,Sales,27,42601,9,33,96,Yes
EMP1056,Marketing,30,60697,10,49,53,No
EMP1057,IT,37,91244,16,38,97,No
EMP1058,HR,26,108136,14,56,57,Yes
EMP1059,Sales,29,108507,9,35,87,Yes
EMP1060,Operations,48,98519,1,33,44,No
EMP1061,Operations,30,96511,2,56,63,No
EMP1062,IT,48,41704,2,39,63,No
EMP1063,HR,43,52535,8,51,46,No
EMP1064,Marketing,47,106351,5,59,99,Yes
EMP1065,IT,32,79040,1,35,87,No
EMP1066,Finance,36,59970,6,55,84,Yes
EMP1067,HR,51,54154,7,56,98,Yes
EMP1068,Sales,35,54219,1,51,52,No
EMP1069,Sales,25,61585,12,50,72,Yes
EMP1070,Marketing,42,28617,4,58,56,No
EMP1071,Sales,23,39208,20,43,62,No
EMP1072,Sales,48,104457,17,33,64,No
EMP1073,IT,37,30817,14,30,73,No
EMP1074,Marketing,33,72739,14,32,100,Yes
EMP1075,Sales,41,111951,4,53,97,Yes
EMP1076,Sales,47,67753,13,52,58,No
EMP1077,IT,47,112153,13,51,87,No
EMP1078,Marketing,57,64446,13,47,93,Yes
EMP1079,Sales,34,81346,19,49,81,Yes
EMP1080,Finance,49,113555,7,46,70,No
EMP1081,Operations,31,111356,3,39,72,No
EMP1082,Marketing,42,37240,8,51,59,No
EMP1083,IT,30,28201,2,37,70,No
EMP1084,HR,50,79321,19,36,85,Yes
EMP1085,Finance,46,56979,5,50,84,Yes
EMP1086,HR,48,53683,6,55,84,Yes
EMP1087,HR,56,57662,4,44,48,No
EMP1088,Operations,54,98259,20,40,100,Yes
EMP1089,Finance,53,80933,18,44,97,Yes
EMP1090,Finance,49,58972,8,56,80,Yes
EMP1091,Marketing,52,107149,8,38,68,Yes
EMP1092,Sales,36,60614,11,40,97,Yes
EMP1093,IT,30,55311,13,52,49,No
EMP1094,HR,47,78424,11,47,69,No
EMP1095,IT,47,76049,19,60,84,Yes
EMP1096,Marketing,45,87518,1,60,62,No
EMP1097,Finance,47,95545,18,55,78,No
EMP1098,Finance,35,60774,14,45,41,No
EMP1099,Operations,46,119919,6,56,69,No
EMP1100,Marketing,55,28534,13,48,76,No
EMP1101,HR,48,42786,15,35,43,No
EMP1102,Sales,34,84598,11,40,88,No
EMP1103,Sales,47,58065,3,45,41,No
EMP1104,HR,43,54389,3,54,81,Yes
EMP1105,HR,36,51130,1,49,49,No
EMP1106,Finance,28,98920,7,44,84,Yes
EMP1107,Sales,31,104415,20,60,87,Yes
EMP1108,IT,40,39168,19,30,99,Yes
EMP1109,Operations,45,76990,7,32,77,No
EMP1110,Operations,36,38356,10,57,83,Yes
EMP1111,HR,57,30383,12,47,67,No
EMP1112,HR,53,109874,11,30,94,Yes
EMP1113,Finance,27,81822,12,50,97,No
EMP1114,Operations,30,82080,6,53,73,No
EMP1115,Sales,55,88372,15,43,92,Yes
EMP1116,Sales,41,57177,3,38,96,Yes
EMP1117,Finance,57,104997,13,40,41,No
EMP1118,Sales,32,88904,7,41,91,Yes
EMP1119,Sales,59,116905,9,47,40,No
EMP1120,IT,26,56635,14,45,75,No
EMP1121,Operations,51,109659,16,44,90,Yes
EMP1122,Sales,35,78005,8,39,82,Yes
EMP1123,Finance,56,94588,12,43,87,Yes
EMP1124,Sales,50,60509,10,38,54,No
EMP1125,IT,41,40670,18,60,88,Yes
EMP1126,IT,34,88464,9,53,77,No
EMP1127,Marketing,59,62093,4,56,52,No
EMP1128,Sales,32,64618,1,52,74,Yes
EMP1129,HR,24,97529,10,52,100,Yes
EMP1130,Finance,27,26607,19,39,70,No
EMP1131,Sales,32,31734,9,60,95,Yes
EMP1132,HR,46,89454,3,48,80,Yes
EMP1133,IT,30,98772,10,32,55,No
EMP1134,Finance,59,103135,20,37,89,Yes
EMP1135,Finance,49,63974,19,43,59,No
EMP1136,HR,27,52235,7,38,82,Yes
EMP1137,IT,32,97350,3,35,40,No
EMP1138,Operations,59,86592,10,31,54,No
EMP1139,Sales,50,34329,8,59,56,No
EMP1140,Operations,58,111662,7,43,47,No
EMP1141,Operations,30,59816,5,32,43,No
EMP1142,Sales,59,99607,10,44,47,No
EMP1143,Sales,46,60683,17,47,71,No
EMP1144,Marketing,23,81626,11,49,56,Yes
EMP1145,IT,57,101955,1,54,83,No
EMP1146,Marketing,23,47962,16,46,81,Yes
EMP1147,Sales,32,101720,14,50,92,Yes
EMP1148,HR,51,70607,14,40,60,No
EMP1149,IT,42,78955,16,39,82,No
EMP1150,Marketing,23,84614,3,40,56,No
EMP1151,Finance,53,25150,18,44,66,Yes
EMP1152,Marketing,44,106609,16,50,68,No
EMP1153,IT,38,96987,5,59,58,No
EMP1154,Operations,52,40915,1,50,78,No
EMP1155,Operations,31,65730,18,30,75,No
EMP1156,IT,28,85482,4,50,93,Yes
EMP1157,Operations,39,91698,9,43,93,Yes
EMP1158,Finance,36,84871,18,34,64,No
EMP1159,Marketing,53,42892,3,38,89,Yes
EMP1160,Finance,42,91550,9,56,40,No
EMP1161,Sales,58,101011,16,57,49,No
EMP1162,Finance,43,68573,18,54,74,Yes
EMP1163,Sales,33,116422,8,48,64,No
EMP1164,Finance,23,66704,16,52,98,No
EMP1165,Finance,30,89923,2,34,72,No
EMP1166,Sales,27,82711,4,46,98,Yes
EMP1167,Operations,30,78736,5,32,70,No
EMP1168,Sales,42,106691,13,50,45,No
EMP1169,Operations,55,74808,11,50,85,No
EMP1170,Finance,55,29705,20,32,55,No
EMP1171,Sales,35,36846,14,33,88,Yes
EMP1172,HR,49,46805,10,58,41,Yes
EMP1173,HR,39,71984,12,43,49,No
EMP1174,Finance,57,114364,6,35,51,Yes
EMP1175,Finance,36,90230,19,34,54,No
EMP1176,Sales,50,58466,1,58,91,Yes
EMP1177,Sales,55,45706,3,44,100,Yes
EMP1178,Marketing,40,108746,14,52,56,No
EMP1179,Sales,33,75422,16,33,55,No
EMP1180,Sales,57,63780,10,30,93,Yes
EMP1181,Sales,21,99177,2,59,78,No
EMP1182,Sales,35,104569,12,37,80,Yes
EMP1183,Sales,29,107345,4,58,80,Yes
EMP1184,Sales,49,29373,19,41,86,Yes
EMP1185,Sales,41,79460,6,36,48,No
EMP1186,Sales,54,90771,9,56,50,No
EMP1187,Finance,39,69396,4,44,44,No
EMP1188,IT,46,98048,12,32,90,Yes
EMP1189,Sales,55,41199,15,41,83,Yes
EMP1190,Sales,58,74941,12,33,83,Yes
EMP1191,HR,56,67992,20,37,81,Yes
EMP1192,Finance,40,110097,14,33,48,Yes
EMP1193,HR,40,89569,4,33,55,No
EMP1194,IT,45,84459,12,51,100,Yes
EMP1195,Marketing,47,101983,5,58,66,No
EMP1196,Finance,47,61666,2,52,63,No
EMP1197,Finance,36,72537,4,51,63,No
EMP1198,Operations,43,32936,13,38,52,No
EMP1199,Finance,26,111870,7,50,80,Yes
EMP1200,HR,24,68713,8,34,90,Yes
EMP1201,HR,56,52152,19,36,92,No
EMP1202,Sales,30,103116,1,38,94,No
EMP1203,IT,55,57853,6,33,82,No
EMP1204,IT,21,71955,8,48,60,Yes
EMP1205,Sales,24,41614,14,46,47,No
EMP1206,Finance,49,72453,17,48,46,No
EMP1207,IT,23,111363,17,39,69,No
EMP1208,HR,24,87781,13,43,83,Yes
EMP1209,Operations,49,34632,3,40,78,Yes
EMP1210,IT,38,106830,19,47,85,Yes
EMP1211,Marketing,54,63652,15,46,78,No
EMP1212,Operations,28,110814,18,53,95,Yes
EMP1213,Finance,35,79239,11,56,69,Yes
EMP1214,Operations,27,65966,14,40,82,Yes
EMP1215,IT,51,33799,3,56,45,Yes
EMP1216,HR,44,42054,18,31,77,No
EMP1217,Marketing,42,112819,4,43,62,No
EMP1218,Finance,24,62700,20,39,62,No
EMP1219,Marketing,34,45280,16,37,94,Yes
EMP1220,Marketing,44,40058,9,48,54,No
EMP1221,Marketing,56,28441,20,59,82,No
EMP1222,Sales,22,48647,9,52,88,Yes
EMP1223,Sales,43,25800,6,57,49,No
EMP1224,Finance,25,43595,1,32,87,Yes
EMP1225,Finance,47,84460,11,35,63,No
EMP1226,Sales,57,103148,3,58,43,No
EMP1227,Marketing,24,113338,3,38,68,No
EMP1228,Finance,59,82939,14,38,53,No
EMP1229,HR,43,81349,4,39,83,Yes
EMP1230,Finance,54,112442,10,31,54,No
EMP1231,Marketing,24,26007,7,39,100,Yes
EMP1232,IT,37,62938,11,33,40,No
EMP1233,Finance,32,41932,13,47,85,Yes
EMP1234,Marketing,43,34447,13,57,87,Yes
EMP1235,HR,50,35205,11,48,67,No
EMP1236,Operations,47,62947,4,42,41,No
EMP1237,IT,50,115388,12,32,67,No
EMP1238,IT,48,102184,13,46,45,No
EMP1239,Sales,42,54041,11,54,50,Yes
EMP1240,Operations,28,94547,17,36,97,Yes
EMP1241,Sales,30,55968,4,34,56,No
EMP1242,Marketing,30,110918,3,35,100,Yes
EMP1243,Finance,50,98889,19,44,83,No
EMP1244,Marketing,41,107210,11,34,68,Yes
EMP1245,Finance,40,61002,19,31,62,No
EMP1246,Sales,50,84233,2,31,63,No
EMP1247,HR,26,105610,20,46,64,No
EMP1248,Marketing,23,83947,19,50,52,No
EMP1249,Finance,53,44773,2,44,46,No
EMP1250,Sales,26,91132,6,31,55,No
EMP1251,Finance,54,93517,20,35,63,No
EMP1252,Sales,45,78578,11,51,78,Yes
EMP1253,Operations,42,33639,11,33,75,No
EMP1254,Sales,37,119861,20,57,49,No
EMP1255,Marketing,30,70851,10,60,81,Yes
EMP1256,Finance,29,102993,3,39,75,Yes
EMP1257,Sales,29,112833,17,32,81,Yes
EMP1258,Marketing,44,27389,12,39,51,No
EMP1259,Sales,52,50166,8,34,49,Yes
EMP1260,HR,53,95748,17,31,82,Yes
EMP1261,Marketing,29,103282,13,34,50,No
EMP1262,Operations,31,119526,15,31,66,Yes
EMP1263,Operations,36,83222,20,39,88,Yes
EMP1264,Finance,35,94993,8,39,91,Yes
EMP1265,IT,44,113907,19,44,69,No
EMP1266,Finance,53,94135,14,60,50,No
EMP1267,Marketing,29,57768,2,50,70,No
EMP1268,Marketing,27,118244,17,57,47,No
EMP1269,IT,38,83893,17,34,93,Yes
EMP1270,IT,49,70820,1,43,43,No
EMP1271,Sales,36,75615,3,41,54,Yes
EMP1272,HR,42,44142,5,31,58,No
EMP1273,Finance,29,117476,16,44,79,Yes
EMP1274,HR,22,58544,7,56,49,No
EMP1275,Operations,59,94176,14,33,89,Yes
EMP1276,Sales,28,31258,8,43,80,Yes
EMP1277,Finance,25,39530,16,49,74,Yes
EMP1278,Marketing,57,56711,5,39,67,Yes
EMP1279,Sales,36,99798,14,35,82,Yes
EMP1280,Marketing,44,33870,17,47,72,No
EMP1281,Marketing,56,27665,13,57,70,Yes
EMP1282,Finance,44,58246,1,41,90,Yes
EMP1283,IT,27,101271,11,34,42,No
EMP1284,Sales,32,114742,15,52,70,No
EMP1285,IT,25,118853,15,31,58,No
EMP1286,IT,23,66365,10,46,65,No
EMP1287,Marketing,51,58202,2,54,81,Yes
EMP1288,Sales,24,110948,11,38,47,No
EMP1289,Finance,46,82637,13,40,51,No
EMP1290,Finance,44,93062,9,55,45,No
EMP1291,HR,48,103964,6,47,58,No
EMP1292,HR,41,111628,10,39,68,No
EMP1293,Finance,31,115408,15,41,68,Yes
EMP1294,Sales,48,60986,2,32,82,Yes
EMP1295,Sales,53,114051,6,60,41,No
EMP1296,Marketing,49,29561,5,32,55,No
EMP1297,Sales,44,75181,19,31,78,Yes
EMP1298,Finance,44,73760,15,54,44,No
EMP1299,Marketing,44,77171,11,50,57,No
EMP1300,HR,22,49385,16,46,64,No
EMP1301,HR,37,59116,15,36,79,Yes
EMP1302,Finance,33,41074,5,57,44,No
EMP1303,Operations,49,36506,11,51,62,No
EMP1304,Marketing,55,63058,10,57,50,No
EMP1305,Operations,32,72381,17,37,47,No
EMP1306,IT,36,89752,1,41,75,No
EMP1307,Finance,56,42009,20,58,45,Yes
EMP1308,Finance,51,93903,14,54,66,No
EMP1309,HR,29,66553,3,44,69,No
EMP1310,Sales,29,97260,19,35,89,No
EMP1311,Finance,53,32263,4,46,49,No
EMP1312,IT,41,117973,8,41,100,No
EMP1313,Sales,26,57847,7,50,75,Yes
EMP1314,Operations,40,105534,18,32,72,No
EMP1315,Marketing,58,45210,6,51,79,No
EMP1316,Marketing,42,98874,2,56,95,Yes
EMP1317,HR,57,59688,7,54,76,No
EMP1318,Operations,22,90278,18,39,81,No
EMP1319,Finance,36,114783,13,39,69,Yes
EMP1320,HR,31,82619,14,45,69,Yes
EMP1321,Marketing,30,65970,11,53,95,Yes
EMP1322,Finance,29,73567,17,47,46,No
EMP1323,Finance,28,60058,15,37,49,Yes
EMP1324,Sales,45,105658,14,37,95,No
EMP1325,Sales,57,119519,11,36,88,Yes
EMP1326,Marketing,50,90373,10,45,41,Yes
EMP1327,Finance,53,84930,8,36,77,Yes
EMP1328,HR,39,89866,20,58,93,Yes
EMP1329,Finance,39,95345,1,57,46,No
EMP1330,Sales,44,77855,12,31,65,Yes
EMP1331,Marketing,33,72516,18,39,44,No
EMP1332,Finance,56,61663,20,51,79,Yes
EMP1333,HR,46,73915,11,47,100,Yes
EMP1334,IT,33,103966,17,42,72,Yes
EMP1335,HR,29,118531,11,55,70,No
EMP1336,IT,59,92568,5,40,99,Yes
EMP1337,IT,46,105805,10,48,61,No
EMP1338,Marketing,55,89205,19,39,70,No
EMP1339,Sales,42,113317,4,43,77,Yes
EMP1340,Operations,22,103238,16,38,81,Yes
EMP1341,Marketing,57,54824,2,48,70,Yes
EMP1342,Operations,45,44369,8,31,76,No
EMP1343,HR,33,27482,15,40,66,Yes
EMP1344,Operations,34,78788,17,54,79,No
EMP1345,Operations,24,117507,5,46,53,No
EMP1346,Operations,51,93875,13,40,51,No
EMP1347,Marketing,42,96601,12,51,89,No
EMP1348,Operations,37,104963,16,36,55,No
EMP1349,Sales,35,64008,10,52,53,No
EMP1350,Finance,41,87888,12,47,99,No
EMP1351,Operations,38,62721,4,48,83,Yes
EMP1352,Finance,43,44198,10,31,58,No
EMP1353,HR,43,82983,9,53,70,Yes
EMP1354,Marketing,38,98664,9,34,46,No
EMP1355,Marketing,36,56779,2,51,97,Yes
EMP1356,Operations,35,31880,4,43,61,No
EMP1357,HR,29,25679,18,59,50,No
EMP1358,Finance,51,110267,7,54,58,No
EMP1359,Operations,24,36725,19,37,74,No
EMP1360,HR,32,79773,6,59,98,Yes
EMP1361,Finance,52,49420,10,58,42,Yes
EMP1362,Marketing,59,39064,11,39,69,No
EMP1363,Marketing,54,89738,5,57,72,No
EMP1364,IT,28,68343,6,53,69,No
EMP1365,Operations,32,26846,11,55,58,No
EMP1366,IT,32,105079,13,56,67,No
EMP1367,HR,46,112720,4,35,48,No
EMP1368,IT,21,59181,13,37,68,No
EMP1369,Sales,40,101344,19,30,56,No
EMP1370,Operations,36,33142,4,44,59,No
EMP1371,Operations,53,117216,10,52,47,No
EMP1372,Sales,44,105560,8,37,48,No
EMP1373,Finance,59,73971,14,52,75,No
EMP1374,Marketing,34,57435,20,57,90,Yes
EMP1375,Finance,54,117244,12,32,98,Yes
EMP1376,HR,56,91255,7,48,74,Yes
EMP1377,Sales,54,82912,4,51,53,No
EMP1378,Finance,26,91895,15,55,43,No
EMP1379,Marketing,47,84873,19,31,75,No
EMP1380,Sales,22,76897,9,56,40,No
EMP1381,Marketing,25,30936,14,41,84,Yes
EMP1382,HR,25,86875,2,39,66,Yes
EMP1383,IT,47,74081,13,44,95,No
EMP1384,Finance,45,35518,18,34,81,No
EMP1385,HR,32,95419,13,46,48,No
EMP1386,IT,21,27979,10,44,83,Yes
EMP1387,Finance,55,74712,8,37,69,Yes
EMP1388,Sales,33,39790,2,55,82,Yes
EMP1389,HR,36,52011,3,33,78,Yes
EMP1390,Marketing,24,57077,2,42,68,Yes
EMP1391,IT,24,43367,17,39,54,No
EMP1392,Operations,57,66799,19,49,89,Yes
EMP1393,Sales,36,64552,5,51,73,Yes
EMP1394,Sales,38,32989,18,60,77,No
EMP1395,IT,48,97856,16,31,62,No
EMP1396,Operations,45,93742,11,52,66,No
EMP1397,Sales,45,49101,18,45,55,No
EMP1398,Sales,30,85689,2,47,66,No
EMP1399,Marketing,54,42575,13,37,56,No
EMP1400,Operations,26,83954,12,32,74,No
EMP1401,IT,24,60187,13,51,78,No
EMP1402,HR,33,102015,18,36,70,Yes
EMP1403,Sales,40,27009,7,59,52,No
EMP1404,HR,51,56797,20,52,53,No
EMP1405,IT,56,67154,10,42,69,No
EMP1406,Sales,40,59283,12,46,96,Yes
EMP1407,HR,51,66973,7,41,60,No
EMP1408,Marketing,35,44126,1,38,75,No
EMP1409,Marketing,47,63691,5,36,61,No
EMP1410,Marketing,36,90444,18,50,100,Yes
EMP1411,Sales,52,119838,16,44,50,No
EMP1412,Sales,31,43344,18,45,51,No
EMP1413,Marketing,24,93674,2,56,94,Yes
EMP1414,Operations,24,25836,14,34,93,Yes
EMP1415,HR,30,26198,7,46,69,Yes
EMP1416,Marketing,51,111413,16,30,40,No
EMP1417,Finance,21,27192,17,53,57,No
EMP1418,Sales,22,90826,14,55,100,No
EMP1419,HR,27,93732,5,37,52,No
EMP1420,Sales,43,60038,13,32,63,No
EMP1421,Finance,57,56877,8,39,83,No
EMP1422,HR,23,37255,13,42,64,No
EMP1423,HR,21,117123,6,32,71,No
EMP1424,Operations,42,99167,4,58,73,No
EMP1425,IT,34,115739,19,45,57,Yes
EMP1426,HR,38,96176,19,51,42,No
EMP1427,Sales,22,52152,19,34,88,No
EMP1428,Finance,25,64226,6,48,55,No
EMP1429,Finance,55,68480,13,54,87,Yes
EMP1430,Operations,26,90639,12,31,46,No
EMP1431,HR,42,104320,20,60,78,Yes
EMP1432,Sales,22,108115,9,55,68,No
EMP1433,Sales,56,74207,14,35,83,Yes
EMP1434,Finance,26,106083,10,55,55,No
EMP1435,HR,38,45214,13,52,90,Yes
EMP1436,Operations,45,66507,12,33,45,Yes
EMP1437,Sales,49,72175,9,33,48,Yes
EMP1438,Finance,49,98005,18,46,66,Yes
EMP1439,HR,43,97642,3,49,78,No
EMP1440,Finance,21,63253,14,42,89,Yes
EMP1441,Marketing,36,99967,17,35,83,Yes
EMP1442,IT,38,64469,9,45,49,Yes
EMP1443,Finance,38,80194,10,45,90,Yes
EMP1444,Sales,36,119489,16,49,79,Yes
EMP1445,HR,29,64932,1,60,65,Yes
EMP1446,Marketing,45,68193,15,40,67,No
EMP1447,Operations,59,42842,10,40,78,No
EMP1448,IT,51,66180,6,60,65,No
EMP1449,Sales,52,100481,8,40,64,No
EMP1450,Finance,44,39927,19,36,77,No
EMP1451,IT,56,28527,15,60,85,Yes
EMP1452,Sales,25,78627,16,34,80,Yes
EMP1453,Sales,30,118747,14,55,64,Yes
EMP1454,Marketing,51,101315,13,47,72,No
EMP1455,Operations,47,96256,2,55,63,No
EMP1456,Marketing,59,108647,3,33,89,Yes
EMP1457,Operations,43,46802,20,31,76,No
EMP1458,Operations,46,68463,14,33,40,Yes
EMP1459,IT,53,92999,18,48,84,Yes
EMP1460,Finance,44,76266,15,54,83,Yes
EMP1461,Marketing,30,70215,1,45,46,No
EMP1462,HR,28,43569,12,39,61,No
EMP1463,IT,54,88298,12,45,46,No
EMP1464,Operations,49,66800,3,39,42,No
EMP1465,HR,22,69967,4,51,91,Yes
EMP1466,Operations,36,92632,6,47,50,No
EMP1467,Finance,50,55389,13,50,51,No
EMP1468,Operations,48,76849,1,53,79,No
EMP1469,Finance,58,81302,13,30,85,Yes
EMP1470,Sales,25,100674,4,55,95,Yes
EMP1471,Sales,41,50830,15,33,56,No
EMP1472,Finance,54,108769,11,49,64,No
EMP1473,Marketing,28,70603,12,57,69,No
EMP1474,Operations,40,105541,19,32,83,Yes
EMP1475,HR,36,65026,4,35,63,No
EMP1476,Marketing,45,79819,20,34,76,Yes
EMP1477,IT,52,108296,18,52,98,Yes
EMP1478,IT,56,46871,16,39,48,No
EMP1479,Finance,24,72059,1,45,48,No
EMP1480,Finance,56,91248,16,43,83,Yes
EMP1481,Operations,49,89054,6,32,76,Yes
EMP1482,IT,39,29285,9,37,74,Yes
EMP1483,Finance,57,89921,18,46,47,No
EMP1484,Sales,55,73085,18,56,88,Yes
EMP1485,Operations,49,96611,7,43,46,No
EMP1486,Operations,36,64021,2,44,56,No
EMP1487,HR,49,40386,8,36,91,Yes
EMP1488,Operations,43,118159,20,50,67,Yes
EMP1489,IT,34,52124,2,48,62,No
EMP1490,Marketing,55,47069,11,52,58,No
EMP1491,Sales,53,114037,4,34,88,Yes
EMP1492,HR,38,110969,5,52,95,Yes
EMP1493,IT,41,57447,13,45,49,No
EMP1494,Sales,47,74174,15,32,80,Yes
EMP1495,HR,46,92582,9,52,99,No
EMP1496,Finance,52,67898,19,30,95,Yes
EMP1497,Operations,26,85089,12,57,44,No
EMP1498,Finance,34,81314,7,45,57,No
EMP1499,Sales,42,96737,19,34,76,No
EMP1500,Sales,24,31021,4,50,90,No
EMP1501,HR,28,45707,15,44,40,No
EMP1502,Finance,33,115255,5,58,81,Yes
EMP1503,Sales,26,110798,12,38,45,No
EMP1504,Operations,31,31787,13,50,59,No
EMP1505,IT,48,110915,3,52,46,Yes
EMP1506,Finance,25,42393,19,37,73,No
EMP1507,HR,21,116173,11,56,47,No
EMP1508,Finance,29,87613,3,37,64,Yes
EMP1509,HR,27,66071,12,58,59,No
EMP1510,IT,30,33966,17,48,40,No
EMP1511,IT,49,71030,7,50,87,Yes
EMP1512,Finance,49,53474,3,58,46,No
EMP1513,HR,58,75335,12,60,67,Yes
EMP1514,IT,36,61302,3,37,75,No
EMP1515,Operations,59,62345,1,57,94,Yes
EMP1516,Sales,34,92862,20,46,52,No
EMP1517,Sales,24,56370,16,42,47,No
EMP1518,Operations,59,34307,17,58,40,No
EMP1519,Sales,29,75703,19,43,63,No
EMP1520,IT,51,34567,1,48,44,Yes
EMP1521,IT,23,32925,13,46,58,No
EMP1522,Marketing,47,80518,13,32,80,Yes
EMP1523,Marketing,30,61368,3,39,45,No
EMP1524,IT,30,95305,11,42,77,No
EMP1525,Operations,25,65654,14,53,94,Yes
EMP1526,IT,26,81948,4,44,79,No
EMP1527,Sales,32,40655,1,52,48,No
EMP1528,IT,52,70443,17,46,90,No
EMP1529,Sales,31,73741,5,53,89,No
EMP1530,Operations,28,28847,11,55,67,Yes
EMP1531,HR,37,118365,19,50,44,No
EMP1532,Marketing,44,32266,16,57,76,Yes
EMP1533,IT,37,38487,19,51,86,Yes
EMP1534,Operations,53,25336,2,57,95,Yes
EMP1535,HR,51,72707,13,59,49,No
EMP1536,HR,56,118588,14,37,60,No
EMP1537,Operations,41,60554,3,48,63,No
EMP1538,Operations,24,48507,8,55,73,No
EMP1539,Finance,25,85960,10,54,94,Yes
EMP1540,HR,56,84866,1,41,52,No
EMP1541,Sales,36,85807,12,48,71,No
EMP1542,IT,55,57129,5,30,99,Yes
EMP1543,IT,55,70406,1,60,61,Yes
EMP1544,Operations,45,65306,4,36,73,No
EMP1545,Finance,52,32850,5,52,57,Yes
EMP1546,IT,54,79140,12,44,87,Yes
EMP1547,HR,53,42499,13,32,77,No
EMP1548,Finance,29,56034,10,38,94,Yes
EMP1549,Finance,41,66688,15,38,54,Yes
EMP1550,IT,29,101638,4,34,46,No
EMP1551,Finance,41,78282,4,47,62,No
EMP1552,IT,49,65410,15,38,94,Yes
EMP1553,IT,40,117367,20,31,53,No
EMP1554,Sales,30,36955,8,60,62,No
EMP1555,HR,40,59100,6,30,100,Yes
EMP1556,Finance,56,97105,8,33,69,Yes
EMP1557,IT,28,26567,2,56,89,No
EMP1558,IT,33,77505,12,51,80,No
EMP1559,HR,58,101823,9,59,92,Yes
EMP1560,HR,33,109670,15,55,48,Yes
EMP1561,Sales,28,30596,15,31,50,No
EMP1562,Finance,46,90028,1,42,83,Yes
EMP1563,Sales,34,49530,9,38,68,No
EMP1564,HR,36,109840,10,45,66,No
EMP1565,Finance,24,36497,9,42,48,No
EMP1566,Operations,54,57656,18,55,41,No
EMP1567,Operations,43,87873,18,55,71,Yes
EMP1568,Marketing,53,67153,13,38,51,Yes
EMP1569,Marketing,35,28840,9,31,91,No
EMP1570,Marketing,43,101544,8,35,46,No
EMP1571,IT,38,94951,2,54,100,Yes
EMP1572,Finance,43,47768,6,37,77,Yes
EMP1573,Operations,43,102537,1,52,84,Yes
EMP1574,Marketing,57,43625,19,60,52,No
EMP1575,Finance,55,65508,6,45,42,Yes
EMP1576,IT,59,53679,1,46,70,Yes
EMP1577,Marketing,33,42103,11,52,51,No
EMP1578,Sales,24,27872,5,48,85,No
EMP1579,HR,54,72826,3,41,85,No
EMP1580,Finance,58,38242,11,39,60,No
EMP1581,IT,48,108789,16,50,60,No
EMP1582,Marketing,43,54260,19,56,51,No
EMP1583,Operations,39,41691,6,53,40,No
EMP1584,Marketing,46,99381,2,35,78,Yes
EMP1585,Marketing,35,108839,19,33,99,Yes
EMP1586,Sales,25,56194,12,40,50,No
EMP1587,HR,42,83540,1,38,53,No
EMP1588,HR,43,58640,4,53,40,Yes
EMP1589,Finance,47,46802,14,45,96,Yes
EMP1590,Marketing,45,38294,16,55,95,Yes
EMP1591,Operations,35,46319,15,32,91,No
EMP1592,Sales,22,66774,9,60,46,Yes
EMP1593,IT,45,46090,3,47,100,No
EMP1594,HR,42,102860,20,58,70,No
EMP1595,Finance,31,104602,14,35,43,No
EMP1596,IT,33,78645,18,53,99,Yes
EMP1597,Sales,39,63980,8,33,43,No
EMP1598,Marketing,52,45131,2,41,40,No
EMP1599,Sales,59,87957,7,33,41,No
EMP1600,Operations,39,35739,16,57,47,No
EMP1601,Finance,51,89106,9,32,81,Yes
EMP1602,IT,44,74996,12,35,68,Yes
EMP1603,Finance,50,59524,8,56,57,No
EMP1604,IT,27,36233,12,55,74,No
EMP1605,Marketing,35,97561,2,56,64,No
EMP1606,Finance,55,115055,16,48,96,Yes
EMP1607,Sales,26,76747,2,46,76,No
EMP1608,Marketing,30,40765,15,35,100,No
EMP1609,IT,33,41539,2,43,45,No
EMP1610,Finance,33,107211,5,56,78,Yes
EMP1611,Operations,25,36406,13,47,65,No
EMP1612,Sales,54,85051,1,55,84,Yes
EMP1613,Marketing,47,39748,14,34,49,No
EMP1614,Marketing,27,38845,19,54,46,No
EMP1615,Marketing,43,78856,9,42,81,Yes
EMP1616,Marketing,51,29910,6,38,65,Yes
EMP1617,Marketing,46,30083,13,58,96,Yes
EMP1618,IT,24,87287,9,58,63,Yes
EMP1619,Sales,40,61745,16,57,84,Yes
EMP1620,IT,29,64384,15,54,92,Yes
EMP1621,Operations,47,104295,3,36,68,Yes
EMP1622,Finance,52,92698,12,56,43,No
EMP1623,IT,25,65779,17,42,48,No
EMP1624,Marketing,57,28794,6,36,96,No
EMP1625,HR,36,29334,15,31,98,Yes
EMP1626,IT,38,73280,15,46,65,No
EMP1627,HR,22,56711,12,45,78,No
EMP1628,Finance,58,97264,12,41,50,No
EMP1629,Sales,26,62364,1,42,43,No
EMP1630,Marketing,34,54012,8,51,53,No
EMP1631,Finance,53,27628,1,45,98,Yes
EMP1632,IT,59,26109,8,38,78,No
EMP1633,Sales,38,80549,13,57,62,No
EMP1634,IT,50,64602,17,56,79,Yes
EMP1635,HR,21,92045,12,47,81,Yes
EMP1636,Sales,40,114707,4,45,44,No
EMP1637,Sales,41,61291,9,50,85,No
EMP1638,Operations,40,49688,5,46,88,Yes
EMP1639,HR,59,77965,11,51,48,No
EMP1640,Operations,52,63745,9,59,66,No
EMP1641,Operations,23,101418,19,56,52,No
EMP1642,Operations,35,114957,18,50,90,Yes
EMP1643,Operations,43,91494,10,57,50,No
EMP1644,Marketing,32,63506,4,45,48,No
EMP1645,Operations,56,48995,11,50,45,No
EMP1646,IT,40,80112,11,41,56,No
EMP1647,Finance,28,86674,2,57,80,Yes
EMP1648,Marketing,25,86894,7,46,47,No
EMP1649,Finance,54,64106,14,31,95,No
EMP1650,IT,33,69914,14,48,97,No
EMP1651,Finance,30,66469,6,54,45,No
EMP1652,Operations,32,66079,2,30,68,Yes
EMP1653,IT,57,45766,16,55,88,Yes
EMP1654,IT,48,108032,14,42,67,No
EMP1655,Finance,21,29944,18,36,86,Yes
EMP1656,HR,41,94603,7,30,83,Yes
EMP1657,Operations,36,54657,12,39,48,No
EMP1658,Marketing,58,65123,6,32,92,Yes
EMP1659,Sales,50,93195,20,46,61,No
EMP1660,Operations,29,69922,16,41,88,Yes
EMP1661,Finance,22,54939,8,53,48,No
EMP1662,HR,58,91143,6,33,63,No
EMP1663,HR,45,108928,9,54,74,No
EMP1664,Marketing,24,111765,4,50,93,Yes
EMP1665,Operations,28,79627,15,42,47,No
EMP1666,Finance,30,51934,1,39,66,No
EMP1667,Operations,54,60386,20,49,84,Yes
EMP1668,HR,53,119210,20,33,58,No
EMP1669,HR,52,51037,20,36,89,Yes
EMP1670,Marketing,33,71913,14,39,50,Yes
EMP1671,Finance,34,115204,16,40,55,Yes
EMP1672,Operations,26,39474,19,51,71,Yes
EMP1673,HR,53,34836,4,58,56,No
EMP1674,Finance,39,59619,15,31,46,No
EMP1675,HR,39,72214,11,43,87,Yes
EMP1676,HR,21,43139,6,40,62,No
EMP1677,Marketing,38,37183,12,56,61,No
EMP1678,Finance,46,84839,9,56,64,No
EMP1679,Finance,47,110045,6,33,48,No
EMP1680,HR,31,38593,14,59,77,No
EMP1681,Marketing,49,48758,20,42,89,Yes
EMP1682,HR,29,88318,16,33,96,Yes
EMP1683,HR,25,59290,11,30,85,No
EMP1684,Marketing,57,119866,19,37,82,No
EMP1685,Marketing,54,115209,20,33,67,No
EMP1686,IT,51,70318,13,34,93,No
EMP1687,Marketing,24,26526,6,46,94,Yes
EMP1688,Finance,31,34812,16,40,55,No
EMP1689,Sales,24,91444,8,47,81,Yes
EMP1690,IT,26,85174,15,55,76,No
EMP1691,Finance,49,66426,4,45,87,Yes
EMP1692,HR,46,79046,2,47,75,Yes
EMP1693,HR,59,106142,10,58,72,No
EMP1694,Operations,50,69676,12,56,43,No
EMP1695,Finance,42,98420,20,49,70,No
EMP1696,Sales,49,39945,4,54,82,Yes
EMP1697,Sales,43,108055,10,47,73,Yes
EMP1698,HR,23,46516,16,34,92,Yes
EMP1699,Operations,47,39019,9,49,52,No
EMP1700,Finance,34,84905,7,52,61,No
EMP1701,Finance,23,108000,19,33,89,No
EMP1702,Finance,58,91086,5,60,71,Yes
EMP1703,Operations,24,97512,14,56,77,No
EMP1704,Marketing,32,115677,19,35,86,No
EMP1705,HR,45,111182,20,49,96,Yes
EMP1706,Finance,47,104822,8,38,65,No
EMP1707,Sales,49,42481,5,43,78,No
EMP1708,Operations,53,64179,18,57,60,No
EMP1709,Marketing,34,51330,7,49,85,Yes
EMP1710,Sales,29,118113,6,46,74,No
EMP1711,Sales,28,71168,18,45,77,No
EMP1712,Operations,47,113374,18,39,96,No
EMP1713,HR,54,38955,1,42,49,Yes
EMP1714,HR,33,59993,6,39,83,Yes
EMP1715,HR,39,51738,18,31,62,No
EMP1716,HR,56,54400,18,42,55,No
EMP1717,Operations,39,115824,2,59,64,No
EMP1718,Operations,41,97368,2,30,87,Yes
EMP1719,Marketing,49,54563,12,54,77,No
EMP1720,Marketing,33,50362,10,44,51,No
EMP1721,HR,32,47779,17,33,64,Yes
EMP1722,Sales,56,59634,5,35,77,No
EMP1723,HR,42,86122,5,31,49,No
EMP1724,Marketing,24,106968,20,56,82,Yes
EMP1725,Marketing,56,71934,3,55,85,Yes
EMP1726,IT,32,93236,3,55,72,Yes
EMP1727,Marketing,55,77876,3,41,54,No
EMP1728,Operations,42,68393,12,39,53,No
EMP1729,Marketing,54,87240,18,56,88,No
EMP1730,HR,28,112679,12,44,55,No
EMP1731,Marketing,36,30226,11,42,98,Yes
EMP1732,HR,45,58631,18,53,58,Yes
EMP1733,Marketing,44,92411,17,44,71,Yes
EMP1734,Operations,33,66984,17,32,100,Yes
EMP1735,Marketing,55,25960,3,36,82,Yes
EMP1736,IT,48,38621,7,47,93,Yes
EMP1737,Operations,48,109746,3,53,83,Yes
EMP1738,Finance,42,29965,3,32,43,No
EMP1739,Sales,56,34232,19,56,54,No
EMP1740,Finance,45,84129,13,43,60,Yes
EMP1741,Operations,28,95101,1,50,86,Yes
EMP1742,Operations,58,30965,3,41,99,Yes
EMP1743,Sales,40,104503,3,39,88,No
EMP1744,Finance,46,111602,1,45,50,No
EMP1745,IT,46,96529,10,60,80,Yes
EMP1746,Operations,44,26461,18,57,75,Yes
EMP1747,HR,21,100067,20,42,74,No
EMP1748,HR,40,52532,12,36,66,No
EMP1749,Marketing,30,46096,6,37,79,No
EMP1750,IT,28,48770,19,57,43,No
EMP1751,Marketing,50,109498,18,32,58,No
EMP1752,Sales,27,50875,19,45,100,Yes
EMP1753,IT,36,38113,10,49,44,No
EMP1754,Sales,52,84067,11,49,82,Yes
EMP1755,Marketing,30,99128,19,41,91,Yes
EMP1756,Finance,31,25633,11,37,90,Yes
EMP1757,Operations,48,61264,12,34,83,Yes
EMP1758,Finance,50,83373,12,54,59,No
EMP1759,HR,32,109613,20,32,93,Yes
EMP1760,IT,55,50746,9,53,96,Yes
EMP1761,Operations,25,27441,17,50,41,No
EMP1762,Marketing,46,102337,7,59,42,No
EMP1763,Marketing,55,86879,5,41,65,Yes
EMP1764,Marketing,39,42548,15,46,72,Yes
EMP1765,Sales,53,26388,8,57,91,No
EMP1766,Operations,31,92388,5,44,50,No
EMP1767,Marketing,30,88373,12,31,54,No
EMP1768,IT,25,59649,12,37,42,No
EMP1769,Marketing,44,75868,16,59,69,No
EMP1770,HR,41,38529,17,50,93,Yes
EMP1771,Operations,37,100842,18,48,51,No
EMP1772,Finance,44,102028,3,46,56,No
EMP1773,IT,54,78194,12,56,95,Yes
EMP1774,Finance,59,25864,17,58,48,No
EMP1775,IT,25,92441,9,36,49,No
EMP1776,Sales,59,119018,4,51,54,No
EMP1777,Sales,28,88113,16,45,53,No
EMP1778,Operations,47,27942,8,31,48,No
EMP1779,IT,29,107515,17,31,97,Yes
EMP1780,HR,31,58850,6,46,65,No
EMP1781,Marketing,22,119312,10,60,45,No
EMP1782,Marketing,51,88133,6,37,93,Yes
EMP1783,IT,58,48839,20,51,72,Yes
EMP1784,Operations,42,84437,20,48,44,No
EMP1785,Finance,29,39230,1,36,73,No
EMP1786,Marketing,47,44603,20,33,51,No
EMP1787,Marketing,59,30116,18,46,88,Yes
EMP1788,Finance,29,104098,18,56,40,No
EMP1789,Operations,48,93425,14,41,95,Yes
EMP1790,Marketing,48,55079,16,55,89,Yes
EMP1791,Marketing,57,37807,14,34,56,No
EMP1792,IT,26,62128,20,58,74,No
EMP1793,IT,21,117949,1,48,73,Yes
EMP1794,HR,45,110792,7,52,91,Yes
EMP1795,Sales,27,45287,14,50,77,Yes
EMP1796,Marketing,48,99012,12,49,57,No
EMP1797,Finance,34,79162,18,55,75,No
EMP1798,Sales,56,97733,16,38,59,No
EMP1799,Operations,46,43096,4,53,54,No
EMP1800,Operations,31,38143,7,46,65,No
EMP1801,Marketing,24,46068,13,60,80,Yes
EMP1802,HR,30,86822,20,43,45,Yes
EMP1803,IT,44,35490,20,31,86,Yes
EMP1804,Finance,54,62548,20,31,100,Yes
EMP1805,IT,52,82536,1,36,94,Yes
EMP1806,Marketing,39,50525,2,55,78,No
EMP1807,Operations,35,105634,6,51,42,No
EMP1808,Operations,21,45636,3,38,89,Yes
EMP1809,Operations,46,78143,19,36,73,Yes
EMP1810,Operations,25,36818,18,39,86,No
EMP1811,Marketing,43,70544,9,37,78,No
EMP1812,Finance,46,100354,1,38,51,No
EMP1813,HR,56,34487,17,39,61,No
EMP1814,Marketing,37,95504,19,38,84,Yes
EMP1815,Finance,57,88390,8,54,61,No
EMP1816,Finance,50,101916,1,45,47,No
EMP1817,Finance,35,113724,8,55,60,No
EMP1818,Sales,54,95208,1,52,93,Yes
EMP1819,Sales,26,77288,11,32,75,No
EMP1820,Finance,41,71338,7,58,76,Yes
EMP1821,Operations,33,90404,7,37,87,Yes
EMP1822,Sales,34,55042,7,56,55,No
EMP1823,Sales,30,38983,4,59,45,No
EMP1824,Operations,52,105455,1,54,94,Yes
EMP1825,HR,51,73653,20,40,71,No
EMP1826,Marketing,38,89330,6,54,98,Yes
EMP1827,Finance,35,100584,5,31,73,No
EMP1828,Finance,55,29268,17,41,65,No
EMP1829,IT,50,40776,17,44,60,No
EMP1830,HR,34,74732,19,33,60,No
EMP1831,Sales,32,96901,9,37,57,No
EMP1832,Marketing,42,72962,6,45,67,Yes
EMP1833,Operations,44,72851,13,38,68,Yes
EMP1834,IT,57,114916,8,56,46,No
EMP1835,IT,56,81651,13,36,49,No
EMP1836,Operations,30,86995,1,35,66,No
EMP1837,Operations,54,94990,11,55,71,Yes
EMP1838,Marketing,57,31253,13,33,84,Yes
EMP1839,IT,37,87460,4,44,87,Yes
EMP1840,Sales,44,98446,18,59,91,Yes
EMP1841,HR,47,40890,12,57,83,No
EMP1842,IT,57,100483,18,35,89,Yes
EMP1843,Sales,53,88896,15,58,45,No
EMP1844,Sales,50,107799,5,57,50,No
EMP1845,Sales,47,107742,20,48,65,No
EMP1846,HR,26,46233,11,37,60,No
EMP1847,Sales,38,104349,13,38,96,Yes
EMP1848,Sales,58,93280,15,43,50,No
EMP1849,HR,29,55753,9,60,87,Yes
EMP1850,HR,34,46877,13,33,46,Yes
EMP1851,Finance,56,32055,1,54,65,No
EMP1852,HR,27,59400,20,34,45,No
EMP1853,Finance,40,55062,8,53,58,No
EMP1854,IT,29,94041,6,30,42,No
EMP1855,Sales,51,86235,18,59,57,No
EMP1856,IT,55,48204,19,49,69,No
EMP1857,Operations,57,82013,17,50,80,Yes
EMP1858,Sales,51,95735,8,55,45,No
EMP1859,Sales,47,59053,5,39,40,Yes
EMP1860,IT,43,62586,16,47,40,No
EMP1861,Finance,51,64270,1,54,67,No
EMP1862,Marketing,35,25946,18,41,52,No
EMP1863,Marketing,48,76740,8,35,85,Yes
EMP1864,Finance,45,53913,9,32,67,No
EMP1865,Marketing,38,62313,18,55,57,No
EMP1866,HR,32,42907,10,33,80,Yes
EMP1867,Finance,38,116812,20,45,52,No
EMP1868,IT,24,95119,1,35,46,No
EMP1869,IT,49,26075,8,32,49,Yes
EMP1870,IT,42,80082,10,55,91,Yes
EMP1871,Sales,50,116348,2,40,45,No
EMP1872,IT,24,59931,13,32,74,No
EMP1873,IT,37,75014,1,33,89,Yes
EMP1874,Finance,49,57396,2,36,69,No
EMP1875,HR,54,112294,7,45,64,No
EMP1876,Sales,41,45789,2,53,99,Yes
EMP1877,HR,37,88075,10,36,63,No
EMP1878,Operations,34,39801,8,50,67,Yes
EMP1879,IT,38,101637,4,42,90,Yes
EMP1880,HR,58,115538,16,52,78,Yes
EMP1881,HR,36,45669,16,32,83,Yes
EMP1882,Operations,24,32834,12,50,49,No
EMP1883,HR,29,88942,8,40,75,No
EMP1884,Sales,49,50292,1,52,64,No
EMP1885,IT,37,30175,16,52,68,No
EMP1886,Marketing,52,49874,19,35,74,Yes
EMP1887,Operations,50,61087,20,59,95,Yes
EMP1888,HR,54,45319,15,39,92,Yes
EMP1889,Sales,50,25094,17,42,86,Yes
EMP1890,HR,44,106290,8,40,86,Yes
EMP1891,Marketing,45,49886,17,51,71,No
EMP1892,IT,39,67283,14,50,60,No
EMP1893,Marketing,25,30737,5,35,95,Yes
EMP1894,HR,52,50115,4,31,76,No
EMP1895,Finance,52,93920,20,52,77,Yes
EMP1896,Sales,35,104423,3,30,99,No
EMP1897,Operations,52,35480,15,55,80,Yes
EMP1898,Marketing,47,73374,2,56,79,Yes
EMP1899,HR,25,64833,3,60,53,No
EMP1900,HR,27,55279,18,42,52,No
EMP1901,Operations,36,99714,6,47,87,Yes
EMP1902,Operations,27,108705,19,41,83,Yes
EMP1903,Operations,48,38644,6,55,51,No
EMP1904,Marketing,42,111184,6,47,78,No
EMP1905,Sales,41,97100,11,57,63,No
EMP1906,Operations,48,67395,20,37,76,No
EMP1907,Finance,56,58303,12,60,68,No
EMP1908,Finance,21,29543,10,49,41,No
EMP1909,Sales,21,64365,8,36,94,Yes
EMP1910,Operations,38,97569,17,47,76,No
EMP1911,IT,27,29946,15,41,49,No
EMP1912,Sales,58,57749,8,38,91,Yes
EMP1913,Marketing,46,99588,7,53,44,No
EMP1914,Finance,32,88999,19,56,98,Yes
EMP1915,Operations,40,29898,19,42,45,No
EMP1916,Sales,43,81925,14,59,95,Yes
EMP1917,IT,59,26498,13,31,59,No
EMP1918,Sales,55,99044,5,40,72,No
EMP1919,IT,24,113294,13,44,88,Yes
EMP1920,Marketing,26,54109,14,39,90,Yes
EMP1921,IT,42,35819,16,48,87,Yes
EMP1922,Finance,37,36151,13,46,67,No
EMP1923,IT,29,88035,18,36,71,Yes
EMP1924,Marketing,33,98553,20,53,73,Yes
EMP1925,HR,38,81369,11,51,99,Yes
EMP1926,HR,47,80514,12,41,52,No
EMP1927,Marketing,22,64953,6,41,79,No
EMP1928,Finance,30,82732,2,59,92,Yes
EMP1929,Operations,44,45446,3,33,87,Yes
EMP1930,Marketing,30,62707,1,40,84,No
EMP1931,Sales,49,86759,1,40,53,No
EMP1932,IT,34,96620,17,54,56,No
EMP1933,Marketing,30,116104,1,42,77,No
EMP1934,Marketing,23,58483,6,31,58,No
EMP1935,Operations,38,31957,15,50,100,Yes
EMP1936,Finance,38,111898,12,57,46,Yes
EMP1937,Operations,45,55299,13,46,85,Yes
EMP1938,Sales,52,103263,18,32,51,No
EMP1939,Finance,56,118384,1,31,55,No
EMP1940,Sales,42,89216,13,53,50,Yes
EMP1941,Operations,43,71580,10,37,72,Yes
EMP1942,HR,37,75747,1,60,75,No
EMP1943,IT,30,69798,13,51,48,Yes
EMP1944,Finance,54,113866,20,57,80,Yes
EMP1945,Finance,36,100090,5,43,59,No
EMP1946,Sales,49,96071,5,36,81,Yes
EMP1947,Marketing,33,43102,10,52,85,No
EMP1948,IT,48,44025,19,59,50,No
EMP1949,Marketing,55,119298,4,35,60,No
EMP1950,IT,22,66771,14,60,66,Yes
EMP1951,Operations,38,44917,7,33,48,No
EMP1952,Marketing,38,104377,19,49,54,No
EMP1953,IT,22,72089,3,52,89,Yes
EMP1954,Marketing,59,86441,12,35,94,Yes
EMP1955,Finance,29,46467,7,37,42,No
EMP1956,HR,38,79138,8,53,82,No
EMP1957,IT,25,48209,15,57,79,No
EMP1958,Sales,50,57346,14,42,89,Yes
EMP1959,Operations,45,119398,11,42,79,No
EMP1960,Marketing,59,95275,17,50,96,Yes
EMP1961,HR,54,39328,15,44,92,No
EMP1962,IT,54,95499,13,53,42,No
EMP1963,Marketing,24,49884,10,44,65,No
EMP1964,Sales,50,46821,14,39,79,No
EMP1965,Operations,54,43643,15,56,81,Yes
EMP1966,Operations,53,39833,6,54,77,No
EMP1967,Operations,55,42734,13,43,60,No
EMP1968,IT,50,102373,7,58,69,Yes
EMP1969,Sales,31,119158,4,32,47,No
EMP1970,Operations,44,36181,17,52,64,No
EMP1971,Marketing,31,74634,18,42,42,No
EMP1972,Sales,57,111445,5,35,95,Yes
EMP1973,Operations,24,79995,10,39,86,Yes
EMP1974,Finance,39,107110,6,33,97,Yes
EMP1975,IT,21,106600,9,30,69,No
EMP1976,Finance,55,25753,20,58,71,Yes
EMP1977,Marketing,51,84472,14,44,45,No
EMP1978,HR,36,96741,9,49,80,Yes
EMP1979,IT,24,49227,5,31,81,Yes
EMP1980,IT,23,112424,19,56,78,Yes
EMP1981,HR,24,39272,14,35,50,No
EMP1982,Marketing,59,100010,18,35,69,No
EMP1983,Sales,23,37206,10,40,63,No
EMP1984,HR,48,97151,3,39,70,Yes
EMP1985,Operations,38,68150,17,43,73,Yes
EMP1986,IT,24,39326,19,53,80,Yes
EMP1987,HR,51,119905,20,59,90,No
EMP1988,Sales,48,104802,11,38,73,No
EMP1989,Marketing,43,42001,20,48,71,No
EMP1990,Operations,52,89553,6,58,79,Yes
EMP1991,Sales,33,25207,4,30,69,No
EMP1992,HR,34,105649,14,43,42,No
EMP1993,Marketing,34,26480,7,52,58,No
EMP1994,HR,40,64358,17,47,60,No
EMP1995,HR,42,69742,13,53,76,No
EMP1996,HR,32,50430,11,56,61,No
EMP1997,Finance,51,29660,5,45,49,No
EMP1998,Marketing,42,85616,14,59,87,Yes
EMP1999,Marketing,40,99048,11,47,74,Yes
EMP2000,Marketing,42,71346,3,34,57,No
EMP2001,Sales,45,107118,18,56,50,No
EMP2002,Finance,32,103012,4,57,90,Yes
EMP2003,Operations,41,118040,2,38,66,Yes
EMP2004,IT,44,84232,10,36,73,Yes
EMP2005,HR,44,29901,7,59,45,No
EMP2006,HR,51,90543,5,36,61,No
EMP2007,Operations,54,65679,11,34,89,No
EMP2008,Marketing,29,51894,2,44,64,No
EMP2009,Marketing,28,25538,10,59,42,No
EMP2010,Marketing,26,68684,15,58,42,No
EMP2011,Operations,40,27946,19,54,59,No
EMP2012,IT,41,51287,7,39,57,No
EMP2013,Finance,28,60737,5,35,57,No
EMP2014,Marketing,56,92378,4,36,74,Yes
EMP2015,Sales,38,43554,10,48,55,No
EMP2016,Sales,42,95854,15,31,48,Yes
EMP2017,Operations,24,38884,13,31,45,No
EMP2018,IT,59,102693,15,49,62,No
EMP2019,IT,55,35295,15,48,48,Yes
EMP2020,Operations,50,37748,15,39,83,Yes
EMP2021,Finance,51,55368,8,34,95,No
EMP2022,Sales,44,76390,6,52,98,Yes
EMP2023,Sales,50,88898,1,32,70,Yes
EMP2024,Finance,50,47387,10,54,62,No
EMP2025,IT,53,38491,13,56,85,Yes
EMP2026,Sales,56,110124,3,55,59,No
EMP2027,Finance,58,79190,8,49,55,No
EMP2028,Finance,45,33658,11,36,92,Yes
EMP2029,Finance,48,99345,11,47,84,Yes
EMP2030,Operations,25,118311,19,56,71,Yes
EMP2031,Marketing,50,67647,18,33,92,Yes
EMP2032,Sales,46,34123,20,33,83,No
EMP2033,Finance,41,89788,2,32,53,No
EMP2034,Marketing,21,44231,5,44,74,Yes
EMP2035,Marketing,57,83610,7,36,83,No
EMP2036,Sales,57,114071,10,59,100,No
EMP2037,Operations,43,36703,19,30,79,No
EMP2038,Finance,29,63559,2,41,97,Yes
EMP2039,HR,21,117190,18,56,62,No
EMP2040,Sales,22,55833,14,52,77,Yes
EMP2041,Sales,45,78219,13,43,74,Yes
EMP2042,IT,51,43228,7,47,64,No
EMP2043,Sales,47,45220,10,57,82,Yes
EMP2044,HR,25,109985,1,34,86,No
EMP2045,Operations,48,42796,3,34,81,No
EMP2046,Finance,59,80797,20,35,69,No
EMP2047,Marketing,49,75425,12,37,51,No
EMP2048,HR,57,90294,8,52,72,Yes
EMP2049,Marketing,57,73099,2,31,76,No
EMP2050,Sales,28,101056,16,60,84,Yes
EMP2051,Operations,54,61624,15,46,45,No
EMP2052,Marketing,26,57142,16,50,87,Yes
EMP2053,Operations,25,114662,18,55,77,Yes
EMP2054,HR,42,95127,1,45,69,No
EMP2055,Finance,57,68452,14,41,91,Yes
EMP2056,IT,23,116101,20,53,59,No
EMP2057,Marketing,37,33050,16,48,50,No
EMP2058,Operations,39,106830,1,39,71,Yes
EMP2059,Marketing,25,61418,9,34,79,Yes
EMP2060,Sales,21,39621,20,35,98,Yes
EMP2061,IT,49,73466,6,38,90,Yes
EMP2062,Finance,32,94125,2,40,45,No
EMP2063,Marketing,30,90004,14,54,64,No
EMP2064,Finance,31,52637,19,53,93,Yes
EMP2065,Operations,37,40203,2,35,69,Yes
EMP2066,Sales,51,94798,8,42,83,Yes
EMP2067,Finance,37,44025,17,57,67,Yes
EMP2068,Finance,45,113931,11,60,73,No
EMP2069,HR,27,94637,12,60,94,Yes
EMP2070,Operations,38,68904,9,38,91,Yes
EMP2071,Operations,58,76269,15,54,83,Yes
EMP2072,Operations,58,50549,17,40,83,Yes
EMP2073,IT,41,96776,1,51,40,No
EMP2074,HR,47,37805,17,33,83,Yes
EMP2075,IT,39,58016,7,31,41,No
EMP2076,HR,59,111062,7,60,78,No
EMP2077,Operations,28,36322,20,34,64,No
EMP2078,Operations,57,49217,4,52,51,No
EMP2079,Finance,25,108726,15,59,57,No
EMP2080,Operations,41,58729,6,54,44,No
EMP2081,HR,45,75933,11,31,56,No
EMP2082,Sales,32,82747,3,45,99,Yes
EMP2083,Finance,32,109604,16,33,49,No
EMP2084,Finance,34,105473,4,59,68,No
EMP2085,HR,23,34557,3,48,86,Yes
EMP2086,Finance,22,90234,5,50,80,Yes
EMP2087,HR,45,59922,5,52,61,No
EMP2088,Marketing,21,92552,16,45,67,No
EMP2089,Operations,25,95795,8,30,64,No
EMP2090,Finance,28,99349,18,59,62,No
EMP2091,Sales,46,32234,3,41,74,No
EMP2092,Sales,26,85245,10,50,52,No
EMP2093,HR,45,111603,7,39,84,Yes
EMP2094,HR,43,88766,3,58,80,Yes
EMP2095,IT,29,29679,7,30,86,No
EMP2096,IT,52,75956,3,55,74,No
EMP2097,Finance,55,83891,1,31,61,Yes
EMP2098,Operations,23,78150,4,36,91,Yes
EMP2099,Marketing,50,113877,18,34,87,Yes
EMP2100,HR,23,43558,16,50,41,No
EMP2101,Marketing,23,56808,5,30,51,No
EMP2102,Sales,27,84793,20,35,93,Yes
EMP2103,HR,28,90161,20,55,79,Yes
EMP2104,IT,48,69216,13,40,47,No
EMP2105,Marketing,55,43000,11,56,90,Yes
EMP2106,HR,58,47734,11,32,47,No
EMP2107,Finance,31,116264,12,47,50,No
EMP2108,Marketing,23,42481,4,55,94,Yes
EMP2109,Finance,31,27048,16,32,40,Yes
EMP2110,HR,58,62189,14,52,91,Yes
EMP2111,Finance,29,52021,5,50,57,No
EMP2112,Finance,36,47878,20,52,42,No
EMP2113,Operations,52,105222,3,50,92,Yes
EMP2114,Sales,47,25599,18,37,52,No
EMP2115,Marketing,27,106123,12,57,88,No
EMP2116,Marketing,35,85845,7,38,43,No
EMP2117,IT,51,90210,6,35,82,No
EMP2118,HR,44,62363,7,43,56,No
EMP2119,Finance,23,38686,2,59,74,Yes
EMP2120,HR,52,92489,4,32,97,Yes
EMP2121,Finance,58,100990,11,43,52,No
EMP2122,Sales,35,39435,11,37,46,No
EMP2123,Finance,33,74221,8,32,70,No
EMP2124,HR,48,43997,7,59,79,No
EMP2125,Finance,44,42878,15,53,52,No
EMP2126,Sales,33,69025,5,31,84,Yes
EMP2127,Sales,29,39563,15,44,66,Yes
EMP2128,Sales,35,63687,20,35,90,Yes
EMP2129,Marketing,31,100775,18,57,54,Yes
EMP2130,Marketing,52,53369,19,45,93,Yes
EMP2131,HR,48,57329,8,40,67,No
EMP2132,Marketing,30,100196,1,43,42,Yes
EMP2133,Finance,53,29406,14,46,65,No
EMP2134,Operations,27,84302,16,37,45,No
EMP2135,HR,47,53574,5,41,58,No
EMP2136,HR,22,87886,10,35,85,Yes
EMP2137,Marketing,58,28199,15,44,89,Yes
EMP2138,Operations,46,49241,12,50,69,No
EMP2139,HR,25,75446,11,46,42,No
EMP2140,Sales,55,100396,7,55,83,Yes
EMP2141,Sales,24,92467,12,58,43,No
EMP2142,Sales,50,106151,2,41,63,No
EMP2143,Marketing,25,98499,7,34,61,No
EMP2144,HR,51,101037,7,54,87,Yes
EMP2145,Sales,43,60043,17,51,67,Yes
EMP2146,HR,44,70249,15,45,72,No
EMP2147,HR,51,118038,18,51,92,Yes
EMP2148,Sales,49,106389,12,55,83,No
EMP2149,HR,33,85014,3,32,65,No
EMP2150,Sales,25,39334,6,38,47,No
EMP2151,Finance,30,51772,17,60,80,Yes
EMP2152,Finance,55,42305,16,41,66,No
EMP2153,Operations,22,63209,7,32,41,No
EMP2154,IT,54,109498,11,43,77,Yes
EMP2155,Operations,41,88720,19,51,84,Yes
EMP2156,Marketing,49,85031,10,48,48,No
EMP2157,Sales,31,59079,8,45,63,No
EMP2158,HR,30,71284,10,44,50,No
EMP2159,IT,55,62387,6,35,93,Yes
EMP2160,Operations,30,46135,8,33,42,No
EMP2161,Marketing,29,82788,9,41,51,No
EMP2162,Operations,23,112235,11,41,49,No
EMP2163,Marketing,31,94945,10,33,98,Yes
EMP2164,Finance,30,85036,11,34,40,No
EMP2165,Marketing,53,68421,10,45,97,Yes
EMP2166,Marketing,30,99086,15,40,84,Yes
EMP2167,Finance,23,43274,18,33,59,Yes
EMP2168,Marketing,35,83454,12,32,60,Yes
EMP2169,Operations,33,101471,17,37,90,No
EMP2170,Sales,33,27955,3,47,94,Yes
EMP2171,Operations,26,92081,13,36,71,Yes
EMP2172,Marketing,53,32346,12,42,49,No
EMP2173,Finance,44,75608,12,30,58,No
EMP2174,Sales,49,98535,3,36,86,No
EMP2175,Operations,47,82999,10,35,91,Yes
EMP2176,Finance,47,43293,19,49,45,No
EMP2177,Sales,51,93852,11,32,99,No
EMP2178,Finance,26,25867,14,50,98,Yes
EMP2179,IT,56,85570,19,54,98,Yes
EMP2180,IT,45,62940,18,45,42,No
EMP2181,Sales,58,64834,16,47,87,Yes
EMP2182,HR,21,45188,9,39,80,No
EMP2183,Finance,28,110696,10,43,51,No
EMP2184,Operations,36,28728,4,54,57,No
EMP2185,HR,59,72416,19,45,76,No
EMP2186,Sales,51,115996,4,41,72,No
EMP2187,HR,37,46344,19,31,49,No
EMP2188,Operations,29,71843,6,31,57,No
EMP2189,Operations,43,31385,10,39,73,No
EMP2190,HR,53,50403,6,54,46,No
EMP2191,IT,55,67284,11,56,94,Yes
EMP2192,Sales,38,114842,12,33,74,No
EMP2193,IT,21,42950,17,39,63,No
EMP2194,Finance,42,46368,4,36,49,No
EMP2195,IT,56,105403,17,57,74,No
EMP2196,Operations,28,79702,15,59,44,No
EMP2197,IT,22,87851,12,39,84,Yes
EMP2198,Finance,59,93566,11,35,85,Yes
EMP2199,Operations,28,54144,5,57,84,Yes
EMP2200,IT,40,41429,7,34,45,No
EMP2201,HR,25,27464,16,54,67,Yes
EMP2202,HR,23,111479,17,48,43,No
EMP2203,Sales,23,33683,10,51,40,No
EMP2204,HR,59,51922,19,58,52,No
EMP2205,Sales,22,36898,5,57,87,No
EMP2206,Marketing,43,71163,6,57,72,No
EMP2207,Marketing,36,91179,19,32,46,No
EMP2208,HR,54,53442,7,60,58,No
EMP2209,Marketing,21,37934,7,59,72,No
EMP2210,Finance,44,116505,19,35,68,No
EMP2211,HR,32,71507,13,43,53,No
EMP2212,Finance,28,66193,4,44,47,No
EMP2213,Finance,44,117370,10,47,86,Yes
EMP2214,Sales,52,40167,13,39,69,No
EMP2215,Sales,49,54605,18,43,58,No
EMP2216,Finance,33,34123,16,60,83,Yes
EMP2217,HR,52,113092,4,42,68,No
EMP2218,Operations,26,40626,5,42,65,No
EMP2219,HR,31,33481,12,36,61,No
EMP2220,Finance,28,55522,14,53,71,Yes
EMP2221,Operations,58,102810,9,54,90,No
EMP2222,Finance,43,87367,20,60,65,No
EMP2223,Marketing,38,44316,15,33,47,No
EMP2224,Finance,35,107361,5,30,46,No
EMP2225,HR,52,113880,1,35,64,No
EMP2226,Sales,30,64682,20,49,46,No
EMP2227,Operations,54,89512,15,36,58,No
EMP2228,Finance,53,59296,18,40,91,No
EMP2229,Marketing,22,29141,14,58,98,Yes
EMP2230,Finance,41,74327,15,44,42,Yes
EMP2231,Marketing,40,117544,6,45,67,Yes
EMP2232,Operations,45,88891,4,48,83,Yes
EMP2233,Marketing,55,100000,16,45,75,No
EMP2234,Marketing,24,76299,9,45,77,No
EMP2235,Marketing,43,62281,11,31,41,No
EMP2236,IT,44,70727,19,30,88,No
EMP2237,Sales,45,37759,14,41,62,No
EMP2238,HR,36,57455,8,50,59,No
EMP2239,Operations,25,64965,4,40,50,Yes
EMP2240,Sales,23,85412,14,48,72,No
EMP2241,Sales,22,116220,16,48,41,No
EMP2242,Finance,57,76157,11,48,46,No
EMP2243,HR,34,69035,16,46,91,Yes
EMP2244,Sales,31,105586,10,41,67,Yes
EMP2245,Operations,25,95232,7,39,56,Yes
EMP2246,Marketing,46,54607,20,53,45,No
EMP2247,Marketing,27,102576,11,38,44,No
EMP2248,Marketing,51,80981,7,41,90,Yes
EMP2249,Sales,53,64309,14,51,74,Yes
EMP2250,Finance,46,57933,20,46,69,No
EMP2251,Marketing,32,27438,17,57,51,No
EMP2252,IT,50,60118,18,55,79,No
EMP2253,Finance,57,107150,2,46,52,No
EMP2254,IT,36,44722,10,57,67,No
EMP2255,HR,34,79059,9,56,58,No
EMP2256,Sales,59,55950,13,37,47,No
EMP2257,HR,36,65703,15,45,75,No
EMP2258,Finance,23,51475,6,38,48,Yes
EMP2259,Sales,56,48066,2,60,86,Yes
EMP2260,HR,24,36000,11,49,59,No
EMP2261,Finance,44,113037,3,42,100,No
EMP2262,IT,36,39671,19,53,72,No
EMP2263,Marketing,58,93846,9,45,96,Yes
EMP2264,Marketing,28,66079,11,56,77,No
EMP2265,Operations,36,80426,7,34,46,No
EMP2266,Sales,49,78526,9,57,77,Yes
EMP2267,Marketing,44,116700,4,40,74,No
EMP2268,Operations,36,61403,5,41,70,No
EMP2269,Sales,22,109593,20,31,93,Yes
EMP2270,HR,36,58158,18,42,59,No
EMP2271,Operations,44,114816,4,47,95,Yes
EMP2272,Finance,45,26031,13,59,98,Yes
EMP2273,HR,36,63983,7,57,96,Yes
EMP2274,Finance,41,109466,14,55,42,No
EMP2275,HR,52,86746,14,59,93,Yes
EMP2276,Finance,27,46016,9,46,44,No
EMP2277,Marketing,56,67830,15,52,41,No
EMP2278,Operations,32,107595,15,55,81,Yes
EMP2279,Finance,33,107352,10,40,76,Yes
EMP2280,IT,36,92681,5,57,78,No
EMP2281,Sales,49,87700,5,38,51,No
EMP2282,Sales,39,51039,3,43,63,No
EMP2283,Finance,57,54423,1,60,41,No
EMP2284,Operations,35,36662,15,36,56,No
EMP2285,IT,24,77564,20,43,78,Yes
EMP2286,HR,44,47298,19,33,40,No
EMP2287,Finance,50,113291,16,33,54,No
EMP2288,IT,38,62743,16,42,48,No
EMP2289,IT,59,53254,10,53,83,Yes
EMP2290,IT,47,44129,1,39,56,No
EMP2291,Finance,36,73449,19,51,81,Yes
EMP2292,HR,51,42459,11,52,65,No
EMP2293,Operations,45,117858,14,53,78,Yes
EMP2294,HR,56,32700,2,40,99,Yes
EMP2295,Sales,59,112921,20,52,87,No
EMP2296,HR,37,91131,20,42,59,No
EMP2297,Operations,44,42332,18,31,77,Yes
EMP2298,IT,53,89597,11,58,69,Yes
EMP2299,Sales,54,81744,5,38,47,No
EMP2300,IT,52,61831,12,59,67,Yes
EMP2301,Sales,37,92760,11,43,97,Yes
EMP2302,Operations,52,44826,18,57,99,Yes
EMP2303,Finance,24,49762,5,31,54,No
EMP2304,Finance,37,46437,15,43,47,No
EMP2305,Finance,23,82870,12,52,75,No
EMP2306,Finance,28,119340,5,33,62,Yes
EMP2307,Sales,32,47058,17,56,57,No
EMP2308,Operations,58,52839,19,30,73,No
EMP2309,IT,47,35070,8,54,71,No
EMP2310,Sales,22,62261,4,42,63,No
EMP2311,HR,41,45155,1,32,69,No
EMP2312,Operations,51,84513,9,49,82,Yes
EMP2313,HR,49,67587,19,34,53,No
EMP2314,Operations,39,67358,2,53,44,No
EMP2315,Marketing,45,37130,13,38,51,No
EMP2316,Finance,26,27688,7,35,64,No
EMP2317,Sales,30,40807,10,45,91,Yes
EMP2318,Sales,59,42208,12,51,46,No
EMP2319,Marketing,33,89175,15,58,64,No
EMP2320,Marketing,59,80452,3,54,67,No
EMP2321,Marketing,32,81899,14,32,42,No
EMP2322,Finance,35,109883,5,59,71,No
EMP2323,Operations,54,36006,10,44,67,Yes
EMP2324,Finance,40,44478,5,51,97,Yes
EMP2325,IT,54,81063,10,48,43,No
EMP2326,HR,53,39107,17,43,66,Yes
EMP2327,Operations,57,58211,12,38,77,Yes
EMP2328,Marketing,22,39933,15,35,90,Yes
EMP2329,Finance,23,35917,14,58,85,Yes
EMP2330,Marketing,50,112852,15,49,91,Yes
EMP2331,IT,34,49259,3,53,78,Yes
EMP2332,Operations,27,81858,18,30,40,No
EMP2333,HR,31,110957,16,44,84,Yes
EMP2334,Operations,59,88795,10,49,92,No
EMP2335,Sales,46,64669,3,34,48,Yes
EMP2336,HR,22,116230,7,57,41,No
EMP2337,Operations,30,110162,8,43,93,Yes
EMP2338,Marketing,33,36284,10,54,69,Yes
EMP2339,Finance,22,40264,6,58,49,No
EMP2340,Finance,52,86799,1,57,68,No
EMP2341,IT,39,99636,13,31,61,Yes
EMP2342,Operations,48,79484,16,53,77,No
EMP2343,Marketing,39,29851,16,42,71,No
EMP2344,Operations,52,55396,2,46,41,No
EMP2345,Sales,56,33324,9,58,81,Yes
EMP2346,Finance,28,89852,20,60,81,Yes
EMP2347,Operations,48,27727,6,39,86,Yes
EMP2348,Sales,49,55422,17,37,77,No
EMP2349,Sales,59,118742,15,34,96,Yes
EMP2350,Operations,45,79638,12,55,70,No
EMP2351,IT,34,62022,3,51,70,Yes
EMP2352,IT,31,104396,16,33,90,Yes
EMP2353,Finance,40,55765,7,47,43,No
EMP2354,Sales,37,71798,6,35,92,No
EMP2355,Marketing,23,33344,11,43,47,No
EMP2356,HR,56,54372,16,38,61,No
EMP2357,HR,56,60060,5,57,84,No
EMP2358,Marketing,27,117589,2,59,100,Yes
EMP2359,Finance,28,38879,20,49,90,No
EMP2360,HR,56,30501,17,33,50,No
EMP2361,IT,44,45582,10,52,68,No
EMP2362,Finance,27,45223,12,40,92,Yes
EMP2363,IT,49,79493,1,37,93,No
EMP2364,Sales,39,91194,6,32,57,No
EMP2365,Finance,44,107502,8,34,88,Yes
EMP2366,Finance,35,43087,14,43,98,Yes
EMP2367,Finance,54,114417,12,60,41,No
EMP2368,HR,54,34120,3,40,60,No
EMP2369,IT,48,33056,13,54,42,No
EMP2370,Operations,30,100308,2,50,85,Yes
EMP2371,Marketing,39,79959,13,58,83,Yes
EMP2372,Sales,41,70109,1,56,57,No
EMP2373,Marketing,30,116789,13,44,81,Yes
EMP2374,Marketing,49,116418,12,58,91,Yes
EMP2375,Finance,33,64522,3,31,74,Yes
EMP2376,Operations,29,93219,18,39,53,Yes
EMP2377,Marketing,40,93332,11,54,80,Yes
EMP2378,HR,55,102660,9,37,93,Yes
EMP2379,Operations,48,91227,4,53,43,No
EMP2380,Sales,53,71461,4,31,88,Yes
EMP2381,HR,49,64054,19,53,40,No
EMP2382,IT,58,99133,18,57,78,Yes
EMP2383,Sales,39,112414,19,51,48,No
EMP2384,Marketing,36,38792,11,46,77,Yes
EMP2385,Sales,50,37843,5,52,67,No
EMP2386,HR,26,33151,14,58,48,No
EMP2387,Finance,25,73404,17,42,77,No
EMP2388,Finance,37,101585,16,50,67,No
EMP2389,Operations,52,79646,6,34,72,Yes
EMP2390,Operations,50,41958,17,57,73,Yes
EMP2391,IT,50,87043,2,53,50,No
EMP2392,Sales,28,103852,14,33,47,No
EMP2393,Sales,23,93521,5,33,63,No
EMP2394,Sales,40,63532,16,30,90,Yes
EMP2395,Marketing,47,31376,10,58,58,No
EMP2396,Operations,52,25273,4,47,62,Yes
EMP2397,HR,47,88068,19,39,76,No
EMP2398,Sales,45,87289,20,34,88,Yes
EMP2399,Operations,50,83973,15,34,95,Yes
EMP2400,HR,47,75755,8,58,65,Yes
EMP2401,HR,49,61356,3,57,50,No
EMP2402,Marketing,40,98537,4,50,75,Yes
EMP2403,Marketing,55,100609,2,60,76,No
EMP2404,Finance,53,27446,4,51,99,Yes
EMP2405,HR,38,51975,8,56,85,No
EMP2406,Marketing,49,36094,18,49,60,No
EMP2407,HR,52,28049,11,43,51,No
EMP2408,Marketing,41,75070,9,32,47,No
EMP2409,Marketing,31,62401,5,35,56,No
EMP2410,IT,40,78382,6,31,79,No
EMP2411,IT,22,118493,2,39,64,Yes
EMP2412,IT,47,67495,9,42,100,No
EMP2413,HR,24,51549,8,54,78,No
EMP2414,Finance,53,91115,13,60,47,No
EMP2415,Sales,50,97498,14,32,70,Yes
EMP2416,Operations,35,27440,9,47,77,No
EMP2417,IT,56,110400,5,39,76,No
EMP2418,HR,53,51667,5,41,74,No
EMP2419,IT,55,80542,18,44,42,Yes
EMP2420,Finance,39,110597,6,30,43,No
EMP2421,Finance,38,103363,9,56,83,Yes
EMP2422,Sales,34,101697,17,39,42,No
EMP2423,Marketing,57,34166,10,32,65,No
EMP2424,IT,56,61629,14,36,79,No
EMP2425,Sales,42,108252,9,54,85,Yes
EMP2426,IT,41,69778,7,44,78,Yes
EMP2427,Operations,29,109730,1,49,70,Yes
EMP2428,HR,32,79154,18,58,84,Yes
EMP2429,Finance,55,35636,3,47,41,No
EMP2430,Operations,49,113112,4,41,92,Yes
EMP2431,Marketing,43,75692,6,56,89,No
EMP2432,HR,28,85646,12,59,52,No
EMP2433,IT,22,61848,12,36,45,No
EMP2434,Operations,40,119084,8,37,71,No
EMP2435,HR,38,89597,20,36,40,No
EMP2436,Operations,46,39541,9,48,72,No
EMP2437,Marketing,33,111486,19,51,83,Yes
EMP2438,IT,25,102091,5,53,44,No
EMP2439,Marketing,35,93561,9,36,94,Yes
EMP2440,Operations,55,105538,9,51,75,No
EMP2441,HR,48,109012,2,57,100,Yes
EMP2442,Finance,38,40953,17,44,71,Yes
EMP2443,HR,35,31155,9,59,66,No
EMP2444,Sales,21,76361,7,40,45,No
EMP2445,HR,35,115380,14,60,44,No
EMP2446,IT,31,68152,10,32,80,Yes
EMP2447,HR,51,81616,1,48,91,Yes
EMP2448,Sales,37,57394,4,45,55,No
EMP2449,HR,42,93114,8,60,44,No
EMP2450,Marketing,49,37539,15,48,47,Yes
EMP2451,HR,23,74465,11,58,94,Yes
EMP2452,IT,24,82923,2,39,79,No
EMP2453,HR,27,113809,2,47,43,No
EMP2454,Finance,46,37560,20,54,66,Yes
EMP2455,Marketing,21,84429,13,44,90,Yes
EMP2456,Marketing,27,69514,1,44,73,Yes
EMP2457,IT,27,38459,1,49,85,Yes
EMP2458,IT,57,41512,17,38,62,No
EMP2459,Operations,49,49369,8,34,91,Yes
EMP2460,IT,40,101614,14,46,81,Yes
EMP2461,Sales,58,95928,5,34,70,Yes
EMP2462,Sales,39,73343,1,46,77,No
EMP2463,IT,24,56114,17,56,93,Yes
EMP2464,HR,48,70064,7,36,80,No
EMP2465,HR,42,49819,16,52,84,No
EMP2466,Marketing,42,100813,19,60,61,No
EMP2467,Finance,42,46270,4,44,96,Yes
EMP2468,HR,52,53757,1,50,54,No
EMP2469,Finance,34,56328,16,53,89,No
EMP2470,Sales,45,51911,13,35,92,No
EMP2471,Sales,21,34664,12,30,75,Yes
EMP2472,Sales,49,50480,19,59,88,Yes
EMP2473,HR,33,50929,10,35,54,No
EMP2474,Operations,32,69540,18,37,51,No
EMP2475,IT,37,38263,1,56,83,Yes
EMP2476,Operations,28,69352,7,39,69,Yes
EMP2477,Sales,31,94065,20,58,67,No
EMP2478,HR,28,43931,5,55,52,No
EMP2479,Finance,44,66674,20,43,80,Yes
EMP2480,HR,58,49785,18,39,90,Yes
EMP2481,IT,24,107504,9,57,48,No
EMP2482,Marketing,52,52425,3,55,70,No
EMP2483,Marketing,25,46945,17,42,88,No
EMP2484,Marketing,44,90350,17,44,51,No
EMP2485,Sales,54,116030,16,52,71,No
EMP2486,Marketing,46,108637,19,50,42,No
EMP2487,IT,49,55721,13,36,59,No
EMP2488,Finance,57,45605,12,38,75,Yes
EMP2489,HR,39,83262,17,41,54,No
EMP2490,Finance,53,106412,11,43,68,No
EMP2491,Finance,44,90213,11,38,64,Yes
EMP2492,Finance,35,59815,3,41,97,Yes
EMP2493,Marketing,53,96650,3,55,57,No
EMP2494,HR,28,34351,12,31,74,Yes
EMP2495,IT,42,57771,10,53,92,Yes
EMP2496,Sales,33,117489,20,34,94,Yes
EMP2497,Operations,55,59227,1,54,59,No
EMP2498,Sales,46,78183,19,54,81,Yes
EMP2499,Operations,53,44566,13,37,54,No
EMP2500,IT,51,55634,17,48,90,Yes
EMP2501,Finance,50,69650,3,40,94,Yes
EMP2502,Operations,47,52470,15,44,94,Yes
EMP2503,Sales,29,100695,5,39,100,Yes
EMP2504,Finance,43,69541,8,43,67,No
EMP2505,Finance,55,64274,11,48,41,No
EMP2506,HR,29,45144,11,48,80,Yes
EMP2507,Marketing,57,76234,13,36,100,Yes
EMP2508,Marketing,45,49685,16,33,61,No
EMP2509,Finance,40,37221,6,33,83,Yes
EMP2510,HR,59,89043,1,35,52,Yes
EMP2511,Finance,39,51986,8,39,82,Yes
EMP2512,Finance,24,73319,17,30,50,No
EMP2513,Finance,46,45582,4,34,74,No
EMP2514,Operations,25,75986,7,34,95,Yes
EMP2515,Finance,51,45811,20,48,100,Yes
EMP2516,IT,53,118948,15,38,52,Yes
EMP2517,IT,49,33384,13,49,91,Yes
EMP2518,Sales,57,89350,15,44,76,Yes
EMP2519,HR,39,109711,15,41,84,No
EMP2520,Sales,46,105350,6,43,55,No
EMP2521,Marketing,48,85008,13,59,82,Yes
EMP2522,Marketing,27,76583,2,37,96,No
EMP2523,Sales,55,63258,3,52,86,Yes
EMP2524,IT,52,78907,18,33,63,Yes
EMP2525,HR,53,67731,14,44,50,No
EMP2526,Marketing,23,85577,1,32,80,Yes
EMP2527,Operations,50,74958,11,53,65,No
EMP2528,Finance,23,26407,9,33,85,No
EMP2529,Sales,50,88538,15,32,45,No
EMP2530,IT,49,43383,16,56,57,No
EMP2531,IT,22,104559,4,35,58,No
EMP2532,Operations,46,47079,3,51,88,Yes
EMP2533,Sales,30,82757,12,35,53,No
EMP2534,Operations,55,53333,15,52,43,No
EMP2535,Marketing,27,76199,10,44,43,No
EMP2536,HR,45,51442,8,41,98,Yes
EMP2537,HR,22,80270,1,30,61,No
EMP2538,Operations,25,53910,4,55,93,No
EMP2539,IT,31,30768,14,46,46,No
EMP2540,Sales,56,107154,7,49,53,No
EMP2541,Finance,48,40834,8,36,46,No
EMP2542,IT,21,77709,11,30,64,No
EMP2543,IT,25,111240,9,50,79,Yes
EMP2544,HR,34,78883,10,54,78,No
EMP2545,HR,55,99606,6,38,46,No
EMP2546,Operations,45,113853,5,40,51,No
EMP2547,Operations,41,112342,16,32,61,Yes
EMP2548,Marketing,49,75118,17,50,87,Yes
EMP2549,Marketing,21,55488,1,49,88,No
EMP2550,Sales,36,81164,8,49,45,Yes
EMP2551,Sales,52,63877,7,34,64,No
EMP2552,HR,36,103390,15,53,96,Yes
EMP2553,Sales,41,109358,2,46,90,No
EMP2554,Operations,39,28105,8,57,86,Yes
EMP2555,IT,34,95688,2,59,98,Yes
EMP2556,IT,35,104700,13,46,60,No
EMP2557,Operations,21,33469,16,32,52,Yes
EMP2558,IT,34,41457,3,35,77,No
EMP2559,IT,36,91509,3,43,86,Yes
EMP2560,IT,33,57102,14,35,78,Yes
EMP2561,Sales,57,83755,7,38,95,Yes
EMP2562,HR,44,77198,13,35,70,No
EMP2563,Marketing,48,45431,16,30,88,Yes
EMP2564,HR,40,103011,18,34,75,No
EMP2565,Sales,45,85771,10,44,58,No
EMP2566,Marketing,51,34429,11,34,85,Yes
EMP2567,IT,33,25547,1,57,72,No
EMP2568,Sales,52,78025,14,60,65,No
EMP2569,Sales,45,89166,10,50,77,Yes
EMP2570,HR,28,75439,19,35,52,No
EMP2571,Sales,43,91795,16,50,84,Yes
EMP2572,HR,45,80579,8,37,70,Yes
EMP2573,Sales,22,116418,5,38,78,No
EMP2574,Operations,30,58330,8,49,77,No
EMP2575,IT,21,40300,3,50,85,No
EMP2576,Finance,58,35531,17,59,52,No
EMP2577,IT,48,58144,10,46,74,No
EMP2578,Finance,58,65367,14,54,96,No
EMP2579,HR,27,108385,19,54,91,Yes
EMP2580,IT,38,52462,13,52,59,Yes
EMP2581,IT,52,25206,4,32,89,Yes
EMP2582,Marketing,47,110789,10,53,67,Yes
EMP2583,Sales,32,117280,5,36,71,Yes
EMP2584,HR,49,99329,7,35,52,Yes
EMP2585,IT,33,58993,14,44,80,No
EMP2586,HR,31,35460,10,32,64,No
EMP2587,HR,42,28888,19,37,70,No
EMP2588,HR,21,33002,9,54,40,No
EMP2589,HR,27,52665,17,55,40,No
EMP2590,Marketing,38,88691,16,54,61,No
EMP2591,Sales,44,114372,11,40,92,Yes
EMP2592,Sales,46,74602,20,31,62,No
EMP2593,HR,21,84889,13,53,93,No
EMP2594,IT,22,103893,4,57,73,Yes
EMP2595,Operations,36,73290,15,49,83,Yes
EMP2596,Finance,53,79149,7,30,80,No
EMP2597,Sales,22,108070,12,57,42,No
EMP2598,Operations,41,113857,15,37,78,No
EMP2599,Operations,26,70656,14,60,99,No
EMP2600,Finance,27,75444,10,49,52,No
EMP2601,Marketing,57,118934,17,31,48,No
EMP2602,HR,40,113219,18,57,69,Yes
EMP2603,Finance,28,88198,18,37,55,No
EMP2604,Operations,26,38824,14,52,41,No
EMP2605,Sales,45,61747,8,53,56,No
EMP2606,Operations,28,112225,5,59,74,No
EMP2607,Finance,26,115673,11,57,54,No
EMP2608,Marketing,25,109408,11,42,98,Yes
EMP2609,Operations,45,110710,18,60,94,Yes
EMP2610,IT,35,58959,4,39,45,No
EMP2611,Sales,58,49662,4,48,63,No
EMP2612,Sales,45,100617,1,39,43,No
EMP2613,IT,45,80535,11,54,63,No
EMP2614,IT,54,111998,20,48,54,No
EMP2615,HR,55,85372,11,34,92,No
EMP2616,IT,52,114126,15,34,78,Yes
EMP2617,Operations,23,103496,11,39,72,No
EMP2618,HR,38,117605,19,45,80,No
EMP2619,Finance,39,117293,13,31,91,Yes
EMP2620,Operations,34,54500,2,59,95,Yes
EMP2621,Finance,46,64203,6,30,75,Yes
EMP2622,Finance,51,70653,13,42,44,No
EMP2623,Sales,39,116275,7,52,94,Yes
EMP2624,HR,29,67391,19,57,91,Yes
EMP2625,Operations,40,84969,6,48,48,No
EMP2626,Finance,39,43982,7,36,91,Yes
EMP2627,Operations,21,72477,19,33,83,Yes
EMP2628,IT,45,80982,6,59,43,Yes
EMP2629,Finance,32,31877,4,46,81,Yes
EMP2630,Finance,30,107178,13,37,42,No
EMP2631,Finance,52,64674,20,60,51,No
EMP2632,Finance,26,85774,13,38,80,Yes
EMP2633,Sales,21,40728,4,32,47,No
EMP2634,Operations,53,54482,1,48,76,No
EMP2635,Finance,38,115928,4,55,77,Yes
EMP2636,Finance,48,64107,19,34,46,No
EMP2637,Operations,55,49233,13,56,84,Yes
EMP2638,Marketing,55,94479,16,32,73,No
EMP2639,Marketing,28,52192,4,35,95,Yes
EMP2640,IT,21,97708,15,55,60,No
EMP2641,IT,57,52030,6,32,75,Yes
EMP2642,HR,26,41346,17,39,63,No
EMP2643,IT,48,111266,1,37,59,Yes
EMP2644,Marketing,39,111397,18,44,48,No
EMP2645,Operations,41,93506,12,49,74,No
EMP2646,Operations,27,111850,2,37,42,No
EMP2647,Sales,34,42590,20,47,53,No
EMP2648,Sales,29,106567,14,32,75,Yes
EMP2649,Finance,31,77436,15,32,100,Yes
EMP2650,Finance,30,95242,7,32,80,Yes
EMP2651,Operations,33,118643,12,48,82,Yes
EMP2652,Marketing,59,46501,14,56,49,No
EMP2653,Finance,45,28396,20,37,44,No
EMP2654,Marketing,28,114650,18,43,44,No
EMP2655,HR,44,68714,9,34,95,Yes
EMP2656,Sales,21,37838,13,37,64,No
EMP2657,HR,32,94006,10,48,92,No
EMP2658,HR,54,70731,19,57,58,No
EMP2659,Marketing,27,31286,6,40,100,Yes
EMP2660,IT,43,113842,18,47,78,No
EMP2661,Finance,51,102635,5,38,40,No
EMP2662,Operations,30,111188,5,34,64,No
EMP2663,Sales,24,108780,12,52,89,Yes
EMP2664,Marketing,47,117639,15,35,68,No
EMP2665,Finance,53,62594,9,60,67,No
EMP2666,Operations,35,65001,3,60,59,No
EMP2667,Sales,26,108188,3,32,86,Yes
EMP2668,HR,31,100407,2,32,87,Yes
EMP2669,Finance,21,80572,17,59,86,Yes
EMP2670,Finance,53,114800,18,52,47,No
EMP2671,Marketing,33,25955,14,52,74,No
EMP2672,IT,54,114663,20,31,78,No
EMP2673,IT,54,54500,6,32,63,No
EMP2674,Marketing,43,31672,14,45,64,No
EMP2675,HR,42,114006,8,56,74,No
EMP2676,HR,39,64213,16,39,56,No
EMP2677,Operations,57,76592,7,59,59,No
EMP2678,Operations,53,29643,15,58,79,No
EMP2679,HR,43,25772,20,44,61,No
EMP2680,HR,21,70838,6,42,62,Yes
EMP2681,Finance,52,50892,3,46,72,No
EMP2682,Finance,28,88886,1,34,89,Yes
EMP2683,IT,51,76820,12,39,63,No
EMP2684,IT,55,60321,4,44,82,No
EMP2685,IT,29,71365,14,30,62,No
EMP2686,Operations,33,39505,7,39,42,No
EMP2687,Finance,42,29142,6,51,52,No
EMP2688,Operations,38,40570,14,45,75,No
EMP2689,Operations,29,67583,13,46,86,No
EMP2690,Finance,29,39382,4,55,41,No
EMP2691,Sales,53,26788,8,31,83,No
EMP2692,Finance,59,26052,14,45,58,No
EMP2693,HR,48,57472,20,34,86,Yes
EMP2694,IT,38,40075,9,52,55,No
EMP2695,Finance,33,87114,4,52,86,Yes
EMP2696,IT,33,102489,5,37,47,No
EMP2697,HR,38,50189,5,43,41,No
EMP2698,HR,24,74853,14,46,59,No
EMP2699,IT,35,69063,14,45,43,No
EMP2700,Operations,24,64883,4,38,63,No
EMP2701,Sales,47,57370,11,58,43,No
EMP2702,HR,24,111563,11,36,58,No
EMP2703,Marketing,27,81479,6,38,100,Yes
EMP2704,Sales,40,39618,4,51,40,No
EMP2705,IT,42,72260,12,53,89,Yes
EMP2706,Marketing,44,56228,9,36,77,Yes
EMP2707,HR,29,107517,20,33,42,No
EMP2708,Operations,33,50287,15,59,46,Yes
EMP2709,Marketing,42,64515,16,54,52,No
EMP2710,IT,23,41755,7,43,75,No
EMP2711,Marketing,43,72973,15,50,85,Yes
EMP2712,Finance,25,88284,14,46,99,No
EMP2713,HR,31,103532,9,52,48,No
EMP2714,Marketing,24,115938,7,53,92,Yes
EMP2715,Operations,55,92303,3,35,68,No
EMP2716,Finance,56,76150,13,49,57,No
EMP2717,HR,31,99959,7,48,84,Yes
EMP2718,Marketing,50,91036,17,38,59,No
EMP2719,Sales,38,97371,4,35,54,Yes
EMP2720,IT,39,30123,5,60,96,Yes
EMP2721,IT,38,31752,8,56,53,No
EMP2722,HR,43,107927,20,41,60,Yes
EMP2723,Operations,56,59608,5,43,97,Yes
EMP2724,Sales,24,107045,1,56,62,No
EMP2725,Sales,32,58552,1,47,82,No
EMP2726,Marketing,27,119712,13,60,81,Yes
EMP2727,Operations,59,97204,7,56,68,Yes
EMP2728,Sales,34,101239,13,34,68,Yes
EMP2729,Operations,48,73318,5,58,70,Yes
EMP2730,IT,50,49251,6,36,76,No
EMP2731,Operations,32,109877,10,30,59,No
EMP2732,IT,46,115094,20,36,44,No
EMP2733,Finance,36,84640,13,33,86,Yes
EMP2734,Operations,21,104074,4,42,64,Yes
EMP2735,HR,23,42324,8,54,45,No
EMP2736,Operations,59,26769,1,60,90,Yes
EMP2737,Operations,42,117727,3,36,48,No
EMP2738,Marketing,49,46383,10,40,70,Yes
EMP2739,HR,55,115707,9,50,74,Yes
EMP2740,HR,27,96387,10,33,72,No
EMP2741,Finance,30,25158,8,30,54,No
EMP2742,IT,43,110899,10,37,98,No
EMP2743,Finance,28,89463,6,33,54,No
EMP2744,Sales,43,34999,20,40,47,No
EMP2745,HR,23,104233,5,35,67,No
EMP2746,Marketing,32,114054,14,34,97,Yes
EMP2747,Sales,39,70663,4,38,98,Yes
EMP2748,Sales,37,118232,3,55,40,No
EMP2749,IT,30,66976,5,42,68,No
EMP2750,Finance,25,39832,19,43,86,Yes
EMP2751,HR,41,41716,6,54,64,No
EMP2752,Finance,48,88083,14,49,90,Yes
EMP2753,IT,36,75224,14,47,71,No
EMP2754,Finance,55,95282,8,42,45,No
EMP2755,Finance,54,100743,8,52,45,No
EMP2756,HR,34,27248,12,47,70,No
EMP2757,HR,24,70789,12,57,94,No
EMP2758,IT,39,85344,5,56,94,Yes
EMP2759,Finance,36,52621,8,31,87,Yes
EMP2760,Operations,30,74474,1,52,67,Yes
EMP2761,Operations,27,111867,19,32,70,No
EMP2762,IT,22,44252,12,34,45,No
EMP2763,HR,57,79590,5,54,51,No
EMP2764,IT,54,116562,10,45,66,No
EMP2765,Finance,21,62587,4,34,43,No
EMP2766,HR,59,47751,17,35,40,No
EMP2767,Finance,50,97634,9,59,76,No
EMP2768,Operations,35,80531,6,38,45,No
EMP2769,IT,34,77481,20,31,54,No
EMP2770,Operations,56,104309,3,56,84,Yes
EMP2771,Sales,46,74868,6,31,91,Yes
EMP2772,Finance,33,60378,4,33,44,No
EMP2773,Sales,22,56395,10,35,74,Yes
EMP2774,IT,59,26438,10,36,75,Yes
EMP2775,HR,36,60280,3,48,76,Yes
EMP2776,Finance,23,31297,11,32,100,Yes
EMP2777,Sales,39,77184,17,36,60,No
EMP2778,Operations,43,41976,4,40,66,No
EMP2779,Marketing,27,90821,5,30,77,No
EMP2780,Finance,58,29903,10,35,49,No
EMP2781,HR,26,119170,8,58,53,No
EMP2782,Operations,30,119182,6,60,72,No
EMP2783,Operations,59,110379,17,59,89,Yes
EMP2784,IT,42,63121,12,49,94,No
EMP2785,HR,45,56340,7,49,78,Yes
EMP2786,IT,57,107285,16,33,91,Yes
EMP2787,Sales,56,36425,16,33,69,Yes
EMP2788,Sales,31,33934,9,48,63,No
EMP2789,HR,32,118146,15,38,70,No
EMP2790,Finance,29,41248,19,45,42,No
EMP2791,Sales,46,78612,20,59,83,Yes
EMP2792,Sales,53,106871,11,41,45,No
EMP2793,Marketing,49,59449,2,49,81,Yes
EMP2794,IT,56,26041,5,57,46,No
EMP2795,IT,57,77334,3,37,64,No
EMP2796,Operations,26,70735,15,44,81,Yes
EMP2797,Finance,27,36248,6,53,46,No
EMP2798,Finance,48,51145,13,40,44,No
EMP2799,Marketing,52,52870,16,33,57,No
EMP2800,Marketing,30,86599,5,50,53,No
EMP2801,HR,59,74844,2,59,91,Yes
EMP2802,Finance,51,52973,2,36,95,Yes
EMP2803,Operations,48,60369,9,50,51,Yes
EMP2804,HR,38,78093,3,39,95,Yes
EMP2805,Finance,54,53063,9,35,93,Yes
EMP2806,Finance,42,63915,6,36,62,No
EMP2807,Finance,51,95189,6,60,84,Yes
EMP2808,Operations,57,76005,1,47,90,No
EMP2809,IT,25,119728,19,49,49,No
EMP2810,Operations,41,26859,5,58,69,No
EMP2811,Finance,41,39890,14,38,73,No
EMP2812,Finance,29,108138,15,50,77,Yes
EMP2813,IT,33,80073,18,54,50,No
EMP2814,IT,43,52494,7,51,76,No
EMP2815,Sales,44,27122,10,58,59,No
EMP2816,HR,52,110054,15,43,66,Yes
EMP2817,Marketing,48,93572,11,33,99,Yes
EMP2818,Finance,44,48186,18,49,50,No
EMP2819,Finance,39,111455,14,50,58,No
EMP2820,HR,26,38606,3,50,41,No
EMP2821,Finance,27,90064,20,59,74,Yes
EMP2822,Finance,53,101183,2,51,58,No
EMP2823,IT,35,84589,18,42,47,No
EMP2824,Finance,28,70955,15,43,98,No
EMP2825,Operations,46,25996,12,55,54,No
EMP2826,Sales,37,65291,14,51,55,Yes
EMP2827,Finance,23,27035,1,34,90,Yes
EMP2828,Marketing,59,66611,11,35,76,No
EMP2829,IT,56,76296,7,49,81,Yes
EMP2830,HR,57,81243,5,60,80,Yes
EMP2831,Operations,32,77837,11,46,50,No
EMP2832,HR,29,91093,4,50,76,No
EMP2833,Operations,37,97470,6,60,60,No
EMP2834,HR,22,82333,1,50,89,Yes
EMP2835,HR,55,35324,19,42,41,No
EMP2836,IT,50,108160,12,35,55,No
EMP2837,IT,40,50405,18,56,55,No
EMP2838,Finance,37,111410,2,38,45,No
EMP2839,Operations,22,108674,19,57,46,No
EMP2840,Marketing,28,39034,5,39,56,No
EMP2841,HR,25,89781,12,59,93,Yes
EMP2842,HR,52,27877,14,32,71,No
EMP2843,HR,34,115090,14,42,96,Yes
EMP2844,Finance,31,48567,10,30,97,Yes
EMP2845,Marketing,59,29122,4,40,62,No
EMP2846,Marketing,59,96628,1,35,73,No
EMP2847,HR,33,104444,1,47,41,No
EMP2848,IT,34,72826,4,58,53,Yes
EMP2849,IT,35,35937,5,38,57,No
EMP2850,HR,43,117809,18,50,58,No
EMP2851,Finance,48,92194,13,59,52,No
EMP2852,IT,38,76488,4,48,90,Yes
EMP2853,Sales,31,51978,16,43,96,Yes
EMP2854,Marketing,38,66779,20,33,78,Yes
EMP2855,IT,57,71257,12,58,80,No
EMP2856,Finance,31,29424,17,38,77,No
EMP2857,Marketing,54,71170,13,30,47,No
EMP2858,Sales,48,49368,12,37,44,No
EMP2859,Sales,44,44010,11,33,40,No
EMP2860,HR,42,53019,15,48,90,Yes
EMP2861,IT,56,33681,13,39,78,Yes
EMP2862,IT,27,98525,9,52,78,No
EMP2863,Operations,25,100228,14,51,88,Yes
EMP2864,Sales,33,50837,2,55,71,No
EMP2865,Sales,47,40631,4,44,50,No
EMP2866,Marketing,45,55988,19,30,58,Yes
EMP2867,Marketing,21,85525,10,34,93,No
EMP2868,HR,55,94142,2,40,81,Yes
EMP2869,Finance,27,79405,10,38,60,No
EMP2870,Finance,26,97935,11,45,79,Yes
EMP2871,Sales,50,89662,4,56,63,No
EMP2872,HR,22,54362,2,56,40,No
EMP2873,Sales,48,54667,6,32,52,No
EMP2874,Sales,55,25647,2,38,96,Yes
EMP2875,HR,24,64883,3,38,61,No
EMP2876,Finance,38,116575,6,59,48,No
EMP2877,HR,29,66855,5,54,77,No
EMP2878,Finance,49,112586,4,46,73,Yes
EMP2879,Finance,52,61771,11,54,86,Yes
EMP2880,HR,37,63828,3,41,75,No
EMP2881,IT,34,116090,3,32,71,Yes
EMP2882,HR,34,86361,13,36,71,Yes
EMP2883,IT,58,94159,17,57,60,No
EMP2884,Sales,50,110890,5,57,72,Yes
EMP2885,IT,35,72663,13,44,95,Yes
EMP2886,IT,46,49635,3,38,67,Yes
EMP2887,Sales,57,109984,4,34,69,No
EMP2888,Operations,28,56531,1,58,69,Yes
EMP2889,HR,51,111754,17,44,62,No
EMP2890,Marketing,26,71455,14,36,49,No
EMP2891,Finance,53,68743,2,44,57,No
EMP2892,HR,45,80389,7,39,52,No
EMP2893,Marketing,38,94410,20,45,73,No
EMP2894,Operations,24,109717,8,60,47,No
EMP2895,HR,23,100396,9,37,44,No
EMP2896,Sales,35,106293,13,42,65,Yes
EMP2897,Operations,38,89903,7,35,90,Yes
EMP2898,Operations,39,117517,20,39,86,Yes
EMP2899,IT,53,116812,20,45,87,Yes
EMP2900,Operations,36,47312,11,51,44,No
EMP2901,Sales,50,43590,1,51,70,No
EMP2902,HR,32,59581,3,35,83,Yes
EMP2903,HR,59,71156,16,48,40,No
EMP2904,IT,51,39337,2,56,41,No
EMP2905,Sales,35,93848,17,35,88,Yes
EMP2906,HR,27,64924,11,44,71,No
EMP2907,Marketing,37,111954,16,38,63,No
EMP2908,Sales,40,118081,11,58,73,No
EMP2909,Marketing,51,39779,9,51,73,No
EMP2910,HR,30,78781,8,51,49,No
EMP2911,HR,36,100705,14,41,53,No
EMP2912,IT,45,108720,4,60,57,No
EMP2913,Operations,55,83886,17,35,56,No
EMP2914,Sales,42,76252,19,43,100,No
EMP2915,Sales,33,30387,19,46,84,Yes
EMP2916,Marketing,28,81814,15,48,90,Yes
EMP2917,Sales,28,26092,16,59,83,Yes
EMP2918,Operations,30,93575,10,49,75,No
EMP2919,Sales,52,62782,3,55,58,Yes
EMP2920,HR,34,62095,19,33,43,No
EMP2921,HR,48,71170,1,31,56,No
EMP2922,Sales,53,112205,18,34,45,No
EMP2923,IT,33,81629,19,59,45,No
EMP2924,HR,51,71482,8,55,83,Yes
EMP2925,Finance,46,37863,9,59,59,No
EMP2926,IT,57,82123,11,55,77,Yes
EMP2927,IT,37,42785,14,47,52,No
EMP2928,HR,40,99273,15,47,51,No
EMP2929,Finance,27,43167,17,44,84,Yes
EMP2930,Operations,43,86391,12,43,69,No
EMP2931,Finance,50,28627,18,30,89,Yes
EMP2932,IT,40,56804,19,46,63,No
EMP2933,Marketing,57,63449,2,54,94,Yes
EMP2934,Finance,21,85661,17,44,93,Yes
EMP2935,HR,38,110181,4,40,78,Yes
EMP2936,Sales,57,88106,11,57,43,No
EMP2937,Marketing,53,118972,2,52,53,No
EMP2938,Marketing,52,42878,8,58,83,Yes
EMP2939,IT,40,107344,10,53,99,Yes
EMP2940,Finance,33,40035,3,30,49,No
EMP2941,HR,54,37696,8,36,46,No
EMP2942,Marketing,49,76211,2,59,47,No
EMP2943,Finance,32,55792,18,38,92,Yes
EMP2944,Finance,28,81669,5,50,41,No
EMP2945,Operations,36,47383,17,53,84,Yes
EMP2946,Finance,51,63015,10,51,46,No
EMP2947,Finance,44,112516,9,42,64,No
EMP2948,HR,50,79643,14,34,41,No
EMP2949,HR,57,76043,1,48,59,Yes
EMP2950,Operations,49,30587,12,60,48,No
EMP2951,Operations,50,61294,1,35,62,No
EMP2952,Marketing,34,70722,17,42,72,Yes
EMP2953,Operations,30,71119,19,40,69,No
EMP2954,IT,38,111303,10,59,65,Yes
EMP2955,Operations,51,74351,16,49,82,Yes
EMP2956,Operations,53,111364,17,38,48,No
EMP2957,Marketing,58,70625,19,49,93,Yes
EMP2958,HR,22,45863,8,33,82,Yes
EMP2959,Operations,51,67422,8,54,91,No
EMP2960,IT,27,47806,13,54,66,No
EMP2961,HR,37,40004,2,57,87,Yes
EMP2962,Sales,59,107744,1,59,51,No
EMP2963,Operations,49,74496,5,50,76,No
EMP2964,IT,37,89369,15,51,58,No
EMP2965,Operations,31,81893,17,55,90,Yes
EMP2966,Marketing,22,107459,4,36,42,No
EMP2967,HR,44,78480,19,47,95,Yes
EMP2968,IT,54,90034,7,56,53,No
EMP2969,Finance,53,71151,12,49,97,Yes
EMP2970,IT,25,82524,14,50,64,No
EMP2971,Marketing,26,41671,17,39,46,No
EMP2972,IT,24,103838,18,40,41,No
EMP2973,Sales,37,76173,12,32,95,No
EMP2974,Sales,25,95047,19,37,94,Yes
EMP2975,Marketing,53,65925,13,49,43,No
EMP2976,HR,58,86732,9,50,41,Yes
EMP2977,Finance,37,51281,11,58,88,Yes
EMP2978,IT,56,68202,2,37,71,Yes
EMP2979,Marketing,23,70330,3,60,66,No
EMP2980,Marketing,26,97276,16,60,48,No
EMP2981,HR,27,29666,16,46,54,No
EMP2982,Finance,51,64769,8,30,99,Yes
EMP2983,IT,55,104709,13,51,83,Yes
EMP2984,Marketing,51,31834,13,54,64,No
EMP2985,Finance,48,97029,5,33,68,Yes
EMP2986,Marketing,44,71109,7,40,67,No
EMP2987,IT,35,37057,19,30,54,No
EMP2988,Marketing,57,31000,1,57,86,Yes
EMP2989,HR,25,32425,5,44,51,No
EMP2990,Sales,43,103959,8,39,48,No
EMP2991,Finance,28,111060,3,32,56,No
EMP2992,IT,52,117439,12,58,98,No
EMP2993,Finance,40,73094,18,39,95,Yes
EMP2994,Marketing,38,66793,18,46,46,Yes
EMP2995,Finance,52,61671,3,36,98,Yes
EMP2996,Marketing,35,64968,18,36,47,No
EMP2997,IT,23,55815,15,50,88,Yes
EMP2998,HR,22,90392,2,38,57,No
EMP2999,Sales,26,32827,9,57,79,Yes
EMP3000,HR,45,75418,15,31,54,No
EMP3001,IT,48,94794,2,51,59,Yes
EMP3002,Sales,22,104788,11,59,93,No
EMP3003,Marketing,34,28584,11,53,93,Yes
EMP3004,Finance,24,39314,18,42,100,Yes
EMP3005,Operations,39,95092,15,43,76,No
EMP3006,Marketing,37,46305,13,44,87,No
EMP3007,IT,29,26990,9,55,83,No
EMP3008,HR,36,96146,10,40,76,Yes
EMP3009,Marketing,38,72408,9,51,56,No
EMP3010,Marketing,21,41293,10,48,82,Yes
EMP3011,Sales,32,83170,15,30,68,Yes
EMP3012,HR,43,87941,18,36,66,Yes
EMP3013,HR,38,104996,18,40,44,No
EMP3014,Sales,38,59018,16,34,54,No
EMP3015,IT,24,55496,4,50,42,No
EMP3016,Marketing,49,101007,11,31,75,No
EMP3017,HR,37,58743,1,51,94,No
EMP3018,Sales,55,119151,2,49,55,No
EMP3019,HR,53,83171,4,46,44,No
EMP3020,Sales,57,73674,14,32,81,Yes
EMP3021,Sales,30,28236,11,49,90,Yes
EMP3022,Finance,44,86693,10,49,41,No
EMP3023,HR,39,44669,19,30,46,No
EMP3024,Sales,53,118817,17,55,77,No
EMP3025,IT,45,101373,2,51,86,Yes
EMP3026,Operations,26,35133,8,48,72,No
EMP3027,Operations,56,79798,18,53,47,No
EMP3028,Marketing,24,104574,16,51,73,No
EMP3029,Sales,38,50562,19,39,98,Yes
EMP3030,IT,44,55263,15,40,87,No
EMP3031,Operations,36,83328,14,41,45,No
EMP3032,Marketing,25,72486,16,49,54,No
EMP3033,Finance,35,99624,5,59,74,Yes
EMP3034,Finance,58,112281,5,49,56,No
EMP3035,Sales,41,40461,3,43,66,No
EMP3036,IT,57,89775,7,58,51,No
EMP3037,HR,31,40832,14,38,88,Yes
EMP3038,Finance,27,41567,2,56,67,Yes
EMP3039,IT,25,42351,17,57,73,No
EMP3040,Finance,43,41705,13,52,75,Yes
EMP3041,Sales,28,69146,11,48,78,No
EMP3042,Operations,23,34666,12,60,68,No
EMP3043,Operations,49,82106,10,54,70,No
EMP3044,Operations,32,119857,19,59,92,No
EMP3045,HR,30,26020,19,48,63,No
EMP3046,Finance,45,67000,15,35,72,No
EMP3047,Sales,27,55443,10,45,61,Yes
EMP3048,Marketing,54,100999,17,57,99,Yes
EMP3049,Sales,45,66756,6,60,49,Yes
EMP3050,Operations,34,81431,17,38,76,No
EMP3051,Sales,27,70527,10,35,47,No
EMP3052,Finance,49,54312,6,39,100,No
EMP3053,Marketing,27,55366,9,34,46,No
EMP3054,Marketing,31,28584,20,58,42,No
EMP3055,Marketing,55,50576,1,45,93,No
EMP3056,Sales,34,61941,19,43,86,Yes
EMP3057,IT,50,63658,4,52,85,No
EMP3058,HR,49,81657,16,38,45,No
EMP3059,Sales,28,71362,3,53,90,Yes
EMP3060,HR,41,45542,17,40,57,No
EMP3061,Operations,53,113091,3,52,84,Yes
EMP3062,HR,48,38164,17,40,52,No
EMP3063,Operations,23,108164,1,37,48,No
EMP3064,IT,33,59771,16,34,71,No
EMP3065,Operations,52,62040,5,36,80,No
EMP3066,Marketing,34,25419,14,32,71,No
EMP3067,IT,32,30087,14,52,56,No
EMP3068,Operations,58,55764,12,45,73,No
EMP3069,IT,40,55394,10,51,71,No
EMP3070,Operations,46,103360,12,47,70,Yes
EMP3071,IT,28,62653,14,44,60,No
EMP3072,Finance,28,48094,15,60,60,No
EMP3073,Sales,46,117382,5,54,96,Yes
EMP3074,Finance,59,79002,8,30,58,No
EMP3075,IT,47,32969,18,54,60,No
EMP3076,Sales,47,76298,15,43,65,Yes
EMP3077,HR,38,88636,8,40,80,No
EMP3078,Sales,49,78714,8,48,96,Yes
EMP3079,IT,28,105386,20,40,48,No
EMP3080,HR,22,74700,3,54,85,Yes
EMP3081,Sales,56,33318,2,46,53,No
EMP3082,IT,31,95215,13,57,85,Yes
EMP3083,IT,44,68450,14,36,75,No
EMP3084,HR,23,27625,17,33,72,Yes
EMP3085,Finance,23,45571,10,39,41,No
EMP3086,Operations,36,29427,9,53,47,No
EMP3087,Finance,46,42195,9,57,45,Yes
EMP3088,Marketing,47,27641,1,53,93,Yes
EMP3089,IT,27,102095,13,36,93,Yes
EMP3090,Sales,41,80725,17,53,41,No
EMP3091,Finance,33,38065,9,50,76,No
EMP3092,Sales,48,37197,8,60,66,No
EMP3093,Finance,39,117127,18,46,55,No
EMP3094,Finance,46,73855,18,52,46,No
EMP3095,Marketing,22,77081,8,44,63,No
EMP3096,HR,40,68572,5,55,80,No
EMP3097,HR,56,47184,7,57,100,Yes
EMP3098,IT,26,43524,13,49,93,Yes
EMP3099,Operations,57,55465,2,54,71,Yes
EMP3100,Sales,42,44741,2,40,84,Yes
EMP3101,Finance,21,60146,7,54,75,No
EMP3102,Marketing,52,66027,8,40,69,No
EMP3103,Marketing,56,35673,4,43,84,Yes
EMP3104,IT,21,46245,17,53,47,No
EMP3105,Finance,28,30119,14,45,50,No
EMP3106,Marketing,52,43332,18,43,65,Yes
EMP3107,HR,48,63564,9,46,60,No
EMP3108,Sales,57,110225,6,34,58,No
EMP3109,IT,44,93076,20,38,70,No
EMP3110,Sales,29,46527,17,52,93,Yes
EMP3111,Sales,47,48491,5,45,44,No
EMP3112,HR,40,116942,7,36,84,Yes
EMP3113,Finance,42,37414,2,49,69,No
EMP3114,HR,43,108406,18,58,54,No
EMP3115,HR,33,60989,10,56,98,No
EMP3116,Marketing,40,73139,20,54,65,No
EMP3117,Marketing,55,109095,7,32,77,Yes
EMP3118,Operations,34,61698,6,38,76,Yes
EMP3119,Marketing,58,109519,13,40,76,No
EMP3120,Marketing,59,61338,20,51,98,Yes
EMP3121,IT,21,55386,7,32,99,No
EMP3122,IT,30,46603,16,57,40,No
EMP3123,HR,29,92070,15,43,82,Yes
EMP3124,Sales,53,40374,8,47,65,Yes
EMP3125,Finance,51,71529,10,56,73,Yes
EMP3126,HR,59,53036,6,60,80,No
EMP3127,Operations,30,82310,18,44,71,No
EMP3128,Sales,28,98125,14,50,62,No
EMP3129,Sales,50,112823,12,53,67,Yes
EMP3130,Marketing,33,75129,12,35,99,Yes
EMP3131,HR,33,82944,12,46,52,Yes
EMP3132,Sales,42,37334,12,59,56,No
EMP3133,HR,59,60786,2,50,57,No
EMP3134,Finance,23,116160,9,38,80,Yes
EMP3135,Marketing,22,119113,16,49,80,Yes
EMP3136,IT,51,109875,18,55,46,Yes
EMP3137,HR,30,117489,6,57,94,Yes
EMP3138,Finance,28,32346,15,50,85,Yes
EMP3139,HR,55,61369,7,50,79,No
EMP3140,Sales,41,117970,6,58,77,No
EMP3141,Sales,54,26857,13,43,93,Yes
EMP3142,HR,25,50289,17,34,86,Yes
EMP3143,IT,49,30833,9,49,52,No
EMP3144,Finance,32,108270,1,39,57,No
EMP3145,HR,42,86112,19,56,84,Yes
EMP3146,Finance,26,40238,3,35,86,Yes
EMP3147,Sales,58,107132,1,54,50,No
EMP3148,IT,44,85338,3,58,86,No
EMP3149,Sales,33,42397,10,31,64,No
EMP3150,IT,38,43405,19,40,66,Yes
EMP3151,IT,38,51112,6,39,56,No
EMP3152,Sales,26,89210,12,48,63,No
EMP3153,Operations,54,83939,6,31,100,No
EMP3154,Finance,30,95510,19,36,84,Yes
EMP3155,Operations,39,52190,11,52,72,No
EMP3156,Operations,38,36895,17,54,53,No
EMP3157,Finance,37,29121,4,46,82,Yes
EMP3158,Finance,29,86242,19,40,63,No
EMP3159,Operations,58,29436,11,52,46,No
EMP3160,HR,31,80234,16,40,61,No
EMP3161,HR,32,71924,10,35,69,No
EMP3162,HR,49,105820,15,48,76,No
EMP3163,Operations,46,87072,8,38,86,Yes
EMP3164,Sales,51,113939,13,39,42,No
EMP3165,IT,53,39136,14,43,89,Yes
EMP3166,Marketing,46,102735,1,35,72,Yes
EMP3167,Sales,59,116439,17,36,100,No
EMP3168,IT,29,111954,11,55,43,No
EMP3169,Sales,30,70364,15,42,50,No
EMP3170,Operations,30,51267,6,39,59,Yes
EMP3171,IT,34,82219,3,53,55,No
EMP3172,Marketing,44,25648,16,35,62,Yes
EMP3173,Marketing,46,116590,7,59,70,No
EMP3174,Finance,36,37559,13,34,60,No
EMP3175,IT,46,67875,10,56,83,Yes
EMP3176,Finance,59,76622,18,32,62,No
EMP3177,Operations,58,28525,8,58,78,Yes
EMP3178,IT,44,72484,11,46,92,Yes
EMP3179,Marketing,46,35127,8,34,71,Yes
EMP3180,IT,40,82068,3,40,64,No
EMP3181,Finance,30,62350,10,42,83,No
EMP3182,HR,37,80277,6,35,65,No
EMP3183,HR,50,35831,12,51,86,Yes
EMP3184,Finance,21,46087,11,34,76,No
EMP3185,Operations,50,26518,16,50,82,Yes
EMP3186,HR,40,80703,9,53,80,Yes
EMP3187,Finance,53,73866,16,52,61,No
EMP3188,Sales,28,48440,14,47,88,Yes
EMP3189,Operations,26,44711,1,40,100,No
EMP3190,Marketing,37,50901,17,56,79,No
EMP3191,Finance,48,31362,15,39,42,No
EMP3192,Finance,50,73117,2,58,78,No
EMP3193,Sales,48,69231,10,54,92,Yes
EMP3194,Sales,32,63435,12,43,41,No
EMP3195,Sales,23,103089,4,41,86,Yes
EMP3196,Operations,46,57588,6,32,74,Yes
EMP3197,Operations,30,107958,16,43,97,Yes
EMP3198,Finance,36,93623,19,44,42,Yes
EMP3199,Sales,23,44234,20,53,80,No
EMP3200,HR,45,92191,3,40,99,Yes
EMP3201,Sales,48,77525,1,35,100,Yes
EMP3202,Operations,26,81811,4,55,52,No
EMP3203,Sales,53,95668,8,52,91,Yes
EMP3204,Marketing,51,53207,14,38,87,Yes
EMP3205,IT,38,90740,2,49,65,No
EMP3206,Operations,39,60740,1,43,53,Yes
EMP3207,Finance,29,61014,9,44,78,No
EMP3208,Operations,41,37733,8,37,41,No
EMP3209,IT,25,105135,10,53,85,Yes
EMP3210,Finance,58,80150,20,40,74,Yes
EMP3211,Marketing,21,69951,11,40,62,No
EMP3212,IT,50,90401,7,47,84,Yes
EMP3213,Finance,37,77813,2,51,94,Yes
EMP3214,HR,52,98574,12,32,53,No
EMP3215,Marketing,44,64850,10,54,60,No
EMP3216,Finance,22,45434,20,48,50,No
EMP3217,Marketing,48,79446,1,54,58,No
EMP3218,Finance,36,74189,18,34,64,No
EMP3219,HR,27,76871,7,36,47,No
EMP3220,IT,31,77575,18,43,62,No
EMP3221,Finance,59,61553,11,54,63,No
EMP3222,Operations,41,90838,18,47,65,Yes
EMP3223,Finance,52,85806,10,56,99,Yes
EMP3224,IT,46,62802,1,47,93,Yes
EMP3225,Finance,32,114568,4,42,77,No
EMP3226,Finance,47,49756,1,49,54,No
EMP3227,Marketing,53,35552,20,48,86,Yes
EMP3228,HR,41,104929,8,35,76,No
EMP3229,Operations,26,73535,1,53,78,No
EMP3230,Operations,45,97359,17,57,52,No
EMP3231,IT,50,73373,8,35,70,No
EMP3232,IT,41,42386,10,32,97,Yes
EMP3233,Marketing,50,85187,8,51,78,No
EMP3234,IT,32,85477,17,50,47,No
EMP3235,Sales,31,57094,15,53,44,Yes
EMP3236,HR,47,93126,16,57,64,Yes
EMP3237,Finance,37,118844,18,33,85,Yes
EMP3238,Operations,55,118685,1,44,70,No
EMP3239,HR,39,77218,2,41,65,No
EMP3240,Marketing,49,81175,4,33,49,No
EMP3241,Marketing,28,119633,6,41,66,No
EMP3242,IT,36,88254,7,38,46,No
EMP3243,Operations,25,85062,16,54,55,No
EMP3244,Sales,39,115334,15,40,90,Yes
EMP3245,Sales,57,61083,20,31,88,Yes
EMP3246,Marketing,39,28400,8,58,63,No
EMP3247,Operations,39,65194,6,48,80,Yes
EMP3248,Operations,49,113247,10,34,87,No
EMP3249,IT,30,104619,10,57,64,No
EMP3250,IT,22,52742,19,39,49,No
EMP3251,Sales,44,119521,17,53,95,No
EMP3252,Finance,51,106062,6,41,81,Yes
EMP3253,Marketing,41,93594,12,42,95,No
EMP3254,Operations,31,93843,16,35,70,No
EMP3255,HR,25,69874,8,39,53,No
EMP3256,Sales,59,40675,7,41,71,No
EMP3257,Operations,21,93697,8,53,52,No
EMP3258,HR,46,107103,4,60,61,No
EMP3259,Sales,56,95091,18,57,45,No
EMP3260,HR,49,99278,17,37,55,No
EMP3261,Operations,32,115400,8,37,84,Yes
EMP3262,IT,23,104840,9,47,57,Yes
EMP3263,IT,25,42373,17,39,43,No
EMP3264,IT,58,101188,16,44,46,No
EMP3265,HR,41,108087,3,36,70,Yes
EMP3266,HR,51,50873,4,47,77,Yes
EMP3267,Finance,40,99623,1,48,67,No
EMP3268,HR,49,109230,7,48,91,Yes
EMP3269,Finance,21,57997,14,49,57,No
EMP3270,IT,42,91491,16,46,58,No
EMP3271,Sales,37,94755,8,40,57,No
EMP3272,Marketing,40,107040,15,33,88,No
EMP3273,Finance,21,66839,17,45,71,Yes
EMP3274,HR,48,113208,10,33,99,No
EMP3275,Sales,55,48941,7,54,46,No
EMP3276,IT,40,90769,10,40,89,Yes
EMP3277,HR,40,104891,7,48,83,Yes
EMP3278,IT,33,76935,6,57,50,No
EMP3279,IT,41,92694,16,50,78,No
EMP3280,Operations,38,54979,9,45,99,No
EMP3281,Sales,44,44003,10,40,86,Yes
EMP3282,Operations,41,83944,10,43,76,Yes
EMP3283,Finance,21,77963,2,60,66,Yes
EMP3284,IT,50,60940,1,56,85,Yes
EMP3285,Operations,37,63639,12,30,60,No
EMP3286,Finance,41,98147,18,53,52,No
EMP3287,Marketing,53,82685,9,33,44,No
EMP3288,Sales,51,119537,19,45,100,No
EMP3289,HR,45,115151,16,37,57,No
EMP3290,Marketing,45,32774,4,31,80,Yes
EMP3291,Marketing,44,82425,10,33,70,Yes
EMP3292,Operations,25,67538,14,56,49,No
EMP3293,Marketing,40,100246,7,47,45,No
EMP3294,Sales,57,96642,9,47,73,No
EMP3295,Operations,22,43411,3,57,90,Yes
EMP3296,Operations,41,72347,15,53,96,Yes
EMP3297,Sales,50,54842,15,41,61,No
EMP3298,Operations,37,58470,20,53,99,Yes
EMP3299,HR,47,81011,13,55,71,No
EMP3300,Marketing,24,92143,12,30,76,No
EMP3301,HR,53,67869,18,45,58,No
EMP3302,Operations,25,34902,19,32,75,No
EMP3303,Marketing,31,92305,3,48,99,Yes
EMP3304,Operations,33,34579,14,56,57,No
EMP3305,Operations,30,110254,11,32,51,No
EMP3306,Sales,50,94168,14,58,41,No
EMP3307,Sales,21,106748,13,30,40,No
EMP3308,Finance,30,58928,8,48,83,Yes
EMP3309,Marketing,50,110670,7,54,92,Yes
EMP3310,Sales,57,45002,7,54,49,No
EMP3311,IT,27,28437,18,49,100,No
EMP3312,IT,55,70681,3,40,95,Yes
EMP3313,IT,34,51437,10,35,67,No
EMP3314,IT,34,71575,1,34,96,No
EMP3315,Finance,28,74166,1,44,95,Yes
EMP3316,Operations,34,74861,2,44,68,Yes
EMP3317,IT,45,102360,4,32,51,No
EMP3318,Marketing,54,40951,6,54,53,No
EMP3319,Finance,59,71974,11,43,52,No
EMP3320,HR,53,72167,16,38,72,Yes
EMP3321,Finance,22,25951,13,55,66,No
EMP3322,HR,43,72237,10,56,44,No
EMP3323,Operations,40,55062,3,50,81,No
EMP3324,Finance,22,61007,11,31,49,No
EMP3325,IT,57,26215,5,46,49,No
EMP3326,Finance,23,33019,20,55,53,No
EMP3327,Operations,39,73719,20,43,92,Yes
EMP3328,IT,32,92973,5,53,91,No
EMP3329,IT,44,39338,6,30,71,Yes
EMP3330,Finance,44,59757,20,40,41,No
EMP3331,Sales,22,86669,2,53,95,Yes
EMP3332,Finance,23,95710,13,54,78,No
EMP3333,IT,31,38122,1,41,97,Yes
EMP3334,Finance,25,39733,16,44,66,No
EMP3335,Marketing,49,42616,20,55,80,Yes
EMP3336,Finance,51,58667,5,40,82,Yes
EMP3337,Marketing,27,87624,16,53,93,No
EMP3338,IT,29,53745,17,34,91,No
EMP3339,IT,26,37424,13,39,96,Yes
EMP3340,IT,35,57855,6,53,82,Yes
EMP3341,Operations,50,112602,19,46,73,No
EMP3342,Sales,29,67984,14,41,82,Yes
EMP3343,Operations,23,75466,2,55,52,No
EMP3344,HR,30,108182,2,56,90,Yes
EMP3345,Finance,41,26535,19,45,70,No
EMP3346,IT,57,78170,15,36,69,No
EMP3347,Marketing,49,40442,9,50,89,Yes
EMP3348,Sales,42,49421,9,40,91,No
EMP3349,Marketing,50,111933,4,51,94,Yes
EMP3350,Marketing,37,33272,12,43,81,Yes
EMP3351,Marketing,29,37397,8,44,93,Yes
EMP3352,Marketing,39,41554,12,39,68,No
EMP3353,HR,53,48935,13,56,100,No
EMP3354,Marketing,33,43574,8,54,41,No
EMP3355,Operations,43,93888,20,54,49,No
EMP3356,Marketing,54,31159,18,41,74,Yes
EMP3357,Marketing,31,74082,6,33,83,Yes
EMP3358,Operations,35,118858,5,47,100,No
EMP3359,Finance,33,61493,2,60,100,Yes
EMP3360,Finance,54,80215,16,44,60,No
EMP3361,Sales,21,34813,9,52,75,No
EMP3362,IT,59,33757,2,54,66,Yes
EMP3363,Finance,31,56780,13,55,50,No
EMP3364,Finance,58,50345,8,56,62,Yes
EMP3365,Sales,29,77617,4,53,87,Yes
EMP3366,Operations,30,51978,15,34,83,Yes
EMP3367,Sales,21,108460,4,46,59,No
EMP3368,Operations,59,86749,8,51,68,Yes
EMP3369,HR,55,104958,15,34,44,No
EMP3370,Operations,42,60665,2,42,93,No
EMP3371,HR,50,80824,19,35,96,Yes
EMP3372,Finance,39,54443,17,33,45,No
EMP3373,Marketing,59,72520,8,57,94,Yes
EMP3374,Operations,48,80269,2,50,46,No
EMP3375,Sales,38,57986,17,40,66,No
EMP3376,Sales,43,35891,1,33,85,No
EMP3377,IT,58,89877,8,48,67,No
EMP3378,HR,52,98488,20,56,76,Yes
EMP3379,Marketing,45,30518,20,33,77,No
EMP3380,Operations,27,100448,4,33,88,Yes
EMP3381,Marketing,59,80290,13,52,87,Yes
EMP3382,Operations,49,85390,19,57,73,Yes
EMP3383,Finance,48,112696,1,36,76,Yes
EMP3384,Operations,42,37950,10,59,66,No
EMP3385,Operations,50,58228,12,56,83,Yes
EMP3386,IT,38,83459,2,40,69,No
EMP3387,Operations,37,46049,7,47,89,No
EMP3388,Operations,41,77601,12,54,92,Yes
EMP3389,Finance,26,68747,12,49,74,No
EMP3390,IT,41,65086,4,59,86,Yes
EMP3391,Finance,41,106500,16,50,51,No
EMP3392,IT,37,117719,16,41,61,No
EMP3393,Sales,31,47091,11,30,47,No
EMP3394,Sales,53,116780,18,39,88,Yes
EMP3395,IT,46,106064,3,36,45,Yes
EMP3396,Marketing,46,59520,5,52,61,No
EMP3397,Finance,29,75494,4,57,87,No
EMP3398,Sales,57,35775,11,37,68,No
EMP3399,IT,56,45317,9,30,71,Yes
EMP3400,Operations,35,57158,8,44,81,No
EMP3401,IT,21,63901,8,60,41,No
EMP3402,Finance,49,79332,18,47,76,Yes
EMP3403,IT,54,101139,13,50,76,No
EMP3404,Finance,37,117634,12,55,91,Yes
EMP3405,Sales,44,55763,11,47,62,Yes
EMP3406,Operations,29,67160,8,55,74,No
EMP3407,HR,53,117845,16,47,60,No
EMP3408,Marketing,35,119385,12,52,84,Yes
EMP3409,Marketing,35,85986,9,48,93,Yes
EMP3410,Marketing,49,90160,19,43,44,No
EMP3411,IT,22,98394,15,47,81,Yes
EMP3412,Sales,51,117577,5,32,83,Yes
EMP3413,Operations,38,99678,9,60,97,Yes
EMP3414,Operations,59,89331,14,52,88,No
EMP3415,Finance,34,111743,15,39,74,No
EMP3416,Sales,42,55482,19,55,96,Yes
EMP3417,Finance,30,95728,19,40,95,Yes
EMP3418,Marketing,24,118338,12,48,47,No
EMP3419,HR,25,94438,14,53,50,No
EMP3420,IT,59,48506,6,30,81,No
EMP3421,Operations,28,68488,3,33,100,Yes
EMP3422,Operations,45,78421,13,52,70,Yes
EMP3423,Sales,32,37564,10,41,51,No
EMP3424,Sales,52,36892,6,38,65,Yes
EMP3425,Sales,26,69527,15,54,46,No
EMP3426,HR,59,32982,18,31,83,Yes
EMP3427,IT,21,94352,1,30,60,No
EMP3428,HR,57,98841,12,57,44,No
EMP3429,IT,52,48827,18,36,62,Yes
EMP3430,Operations,30,103606,12,48,51,No
EMP3431,Operations,32,91496,5,56,92,Yes
EMP3432,Marketing,23,95462,4,55,99,Yes
EMP3433,Sales,27,70751,6,48,73,Yes
EMP3434,HR,52,50317,20,34,79,No
EMP3435,Finance,56,75966,15,60,47,No
EMP3436,HR,42,57272,12,34,55,No
EMP3437,Finance,33,77990,2,41,43,No
EMP3438,Finance,58,37947,17,32,82,Yes
EMP3439,Marketing,57,100377,18,46,65,No
EMP3440,Operations,33,62035,11,34,68,No
EMP3441,Sales,48,77984,14,42,45,No
EMP3442,Finance,27,67141,18,45,79,Yes
EMP3443,Finance,39,114660,2,46,93,Yes
EMP3444,HR,40,102000,19,47,51,No
EMP3445,Operations,24,95030,1,31,59,No
EMP3446,Sales,55,31872,14,53,72,No
EMP3447,IT,53,73604,2,59,53,Yes
EMP3448,IT,35,118377,11,32,85,Yes
EMP3449,IT,57,108941,20,30,42,No
EMP3450,IT,28,63068,1,58,55,No
EMP3451,Sales,32,76107,8,41,98,No
EMP3452,HR,30,43568,20,37,79,No
EMP3453,Finance,57,118083,10,36,100,No
EMP3454,Operations,38,78635,1,43,92,Yes
EMP3455,Sales,33,88991,9,49,40,No
EMP3456,Finance,23,116226,15,34,82,Yes
EMP3457,HR,28,40109,6,58,90,Yes
EMP3458,IT,55,67910,6,60,87,Yes
EMP3459,Operations,46,62330,18,39,58,No
EMP3460,Sales,27,40650,13,56,96,No
EMP3461,HR,56,90269,7,34,73,No
EMP3462,Finance,51,39331,4,37,42,No
EMP3463,IT,26,115913,3,37,67,No
EMP3464,Finance,30,82936,20,54,42,No
EMP3465,Marketing,33,52581,11,31,76,Yes
EMP3466,IT,42,57873,6,41,69,Yes
EMP3467,Operations,24,76290,13,34,100,Yes
EMP3468,HR,35,49112,7,40,82,Yes
EMP3469,HR,49,34094,8,49,73,Yes
EMP3470,IT,30,96712,11,31,47,No
EMP3471,Finance,54,95028,1,49,86,Yes
EMP3472,Sales,44,30037,5,58,46,No
EMP3473,HR,45,25448,19,31,92,Yes
EMP3474,Marketing,28,54428,2,48,74,Yes
EMP3475,Operations,51,99906,13,39,83,Yes
EMP3476,Finance,36,114506,16,49,56,No
EMP3477,Operations,50,87800,5,44,74,No
EMP3478,IT,30,62599,6,60,64,No
EMP3479,IT,44,27744,14,55,59,No
EMP3480,Finance,47,118151,18,57,54,No
EMP3481,IT,43,52276,13,43,96,Yes
EMP3482,Operations,49,83181,13,44,63,No
EMP3483,Operations,46,42447,17,36,55,No
EMP3484,IT,57,50506,20,41,97,Yes
EMP3485,Finance,44,109410,10,36,65,Yes
EMP3486,HR,55,110490,15,39,97,No
EMP3487,Marketing,47,31669,7,36,61,No
EMP3488,IT,45,92829,14,35,100,Yes
EMP3489,Operations,34,75589,19,51,51,No
EMP3490,Operations,57,45428,13,48,90,No
EMP3491,IT,47,66483,15,37,95,Yes
EMP3492,Finance,41,105000,20,46,87,Yes
EMP3493,HR,27,33566,3,30,40,No
EMP3494,HR,42,36789,11,59,97,Yes
EMP3495,Operations,30,52919,10,56,44,No
EMP3496,Sales,58,83538,16,40,85,Yes
EMP3497,Sales,27,98647,6,58,96,Yes
EMP3498,Finance,28,94770,20,43,50,No
EMP3499,Operations,51,116732,9,52,94,No
EMP3500,HR,30,83314,4,54,42,No
EMP3501,Finance,51,74724,16,35,89,Yes
EMP3502,Operations,44,82794,19,48,51,No
EMP3503,HR,52,113049,19,41,96,Yes
EMP3504,HR,44,34029,6,34,79,Yes
EMP3505,Finance,30,39545,7,60,80,Yes
EMP3506,Operations,26,71492,20,55,71,Yes
EMP3507,Marketing,47,47159,12,57,56,No
EMP3508,Sales,54,28072,16,40,97,Yes
EMP3509,Operations,36,116817,10,38,68,No
EMP3510,Sales,23,60761,15,51,45,No
EMP3511,HR,29,106811,1,53,76,Yes
EMP3512,Finance,33,86619,13,42,42,No
EMP3513,Sales,45,68992,12,55,72,No
EMP3514,Finance,47,117704,11,34,100,Yes
EMP3515,Sales,56,50284,16,39,57,Yes
EMP3516,Finance,26,112323,11,57,72,No
EMP3517,HR,29,39031,8,32,51,No
EMP3518,IT,57,56056,3,57,44,Yes
EMP3519,HR,42,105931,3,34,77,No
EMP3520,Finance,42,112154,4,49,47,Yes
EMP3521,IT,33,35637,6,32,85,No
EMP3522,HR,48,114863,8,36,43,No
EMP3523,Finance,41,106979,17,36,70,No
EMP3524,Operations,52,104358,6,45,58,No
EMP3525,Marketing,24,83001,6,46,40,Yes
EMP3526,IT,37,43860,18,48,52,No
EMP3527,Operations,25,49667,6,57,60,No
EMP3528,IT,31,76729,19,39,78,No
EMP3529,Operations,39,53607,14,38,92,Yes
EMP3530,IT,54,25915,9,39,88,Yes
EMP3531,HR,25,89739,12,58,86,Yes
EMP3532,Finance,26,113347,15,30,87,Yes
EMP3533,Sales,58,72379,20,51,44,No
EMP3534,Operations,41,84085,12,53,91,Yes
EMP3535,Finance,40,89105,11,47,87,Yes
EMP3536,Marketing,31,30596,12,43,69,No
EMP3537,Sales,46,85768,15,44,49,No
EMP3538,Finance,47,28208,5,55,60,No
EMP3539,Operations,30,77352,12,30,67,No
EMP3540,Operations,32,44796,19,60,51,No
EMP3541,HR,46,86903,5,38,61,No
EMP3542,Finance,46,45750,10,56,94,Yes
EMP3543,IT,33,88771,20,53,71,No
EMP3544,IT,52,112266,2,41,46,Yes
EMP3545,Sales,51,104667,10,34,55,No
EMP3546,Finance,34,79571,16,30,59,No
EMP3547,Sales,40,114660,20,43,79,Yes
EMP3548,IT,54,61948,11,53,63,No
EMP3549,IT,44,99098,16,32,41,No
EMP3550,Finance,36,52453,11,52,54,No
EMP3551,Sales,51,61769,18,40,76,No
EMP3552,Operations,33,41663,11,55,80,Yes
EMP3553,IT,58,104873,8,56,92,Yes
EMP3554,Marketing,51,27542,11,46,96,Yes
EMP3555,IT,41,35657,17,45,69,No
EMP3556,Operations,38,33772,15,42,89,Yes
EMP3557,Sales,30,72681,2,45,55,No
EMP3558,HR,41,71683,20,45,75,Yes
EMP3559,Sales,41,88530,11,49,96,Yes
EMP3560,Operations,33,103326,20,33,58,No
EMP3561,Operations,33,93616,17,39,55,No
EMP3562,Finance,21,64082,9,36,49,No
EMP3563,HR,47,35316,12,44,89,No
EMP3564,IT,49,107036,13,47,50,No
EMP3565,Sales,27,60855,15,38,52,No
EMP3566,Finance,39,46351,19,34,60,No
EMP3567,HR,24,67799,18,45,63,No
EMP3568,Operations,45,97106,1,50,67,No
EMP3569,Finance,32,67809,20,56,88,Yes
EMP3570,Sales,41,99136,19,31,96,Yes
EMP3571,Operations,29,90100,3,59,44,No
EMP3572,HR,54,46414,8,32,88,Yes
EMP3573,Sales,42,35637,14,40,88,Yes
EMP3574,Finance,55,33146,17,43,81,Yes
EMP3575,Operations,30,96840,3,56,53,No
EMP3576,HR,37,54805,8,31,81,Yes
EMP3577,HR,24,109266,8,45,42,Yes
EMP3578,IT,30,43045,17,40,60,No
EMP3579,Operations,46,27523,17,54,58,No
EMP3580,Operations,47,97093,3,31,52,No
EMP3581,IT,35,101380,16,30,62,No
EMP3582,Marketing,44,91735,6,42,53,No
EMP3583,HR,39,59818,18,41,72,Yes
EMP3584,IT,59,58590,11,36,60,No
EMP3585,Finance,28,110257,10,44,41,No
EMP3586,Operations,53,78174,7,35,47,Yes
EMP3587,HR,34,51233,19,53,87,Yes
EMP3588,Operations,34,102759,10,41,69,Yes
EMP3589,Operations,35,99297,9,36,72,Yes
EMP3590,HR,34,48713,11,36,71,No
EMP3591,Finance,41,85015,13,49,88,Yes
EMP3592,Finance,51,98509,20,39,90,No
EMP3593,IT,25,105788,4,58,40,No
EMP3594,Marketing,24,26469,9,59,40,No
EMP3595,Finance,57,45904,4,31,63,No
EMP3596,IT,48,73866,3,38,66,No
EMP3597,Sales,23,40738,10,34,56,No
EMP3598,IT,28,108454,1,58,99,No
EMP3599,IT,21,39756,3,53,55,No
EMP3600,Marketing,56,60800,9,30,84,Yes
EMP3601,HR,30,53242,3,42,83,Yes
EMP3602,HR,52,81687,15,43,51,No
EMP3603,Marketing,23,111063,3,60,89,No
EMP3604,Operations,39,119223,16,36,91,Yes
EMP3605,Operations,38,49650,8,52,68,No
EMP3606,Operations,23,98821,14,47,100,Yes
EMP3607,IT,24,62554,12,32,78,Yes
EMP3608,Finance,55,46482,12,51,97,Yes
EMP3609,Marketing,55,44096,11,53,80,Yes
EMP3610,IT,58,77662,12,44,62,No
EMP3611,IT,52,113566,18,43,63,No
EMP3612,HR,59,58187,5,40,99,Yes
EMP3613,Finance,49,95675,6,58,42,No
EMP3614,Operations,30,103484,11,47,80,No
EMP3615,IT,57,43287,7,56,84,Yes
EMP3616,Finance,28,90717,18,31,73,Yes
EMP3617,HR,37,97148,6,53,54,No
EMP3618,Sales,52,40325,11,53,93,Yes
EMP3619,Marketing,46,93566,13,37,76,Yes
EMP3620,Finance,27,54597,15,34,93,Yes
EMP3621,IT,21,91127,4,45,49,No
EMP3622,Operations,40,56697,13,39,92,Yes
EMP3623,Operations,27,50035,1,30,41,No
EMP3624,IT,32,114192,3,32,56,No
EMP3625,HR,48,71860,13,30,84,Yes
EMP3626,Sales,45,74140,7,39,67,No
EMP3627,Finance,58,30488,16,31,71,Yes
EMP3628,HR,37,116833,16,57,91,Yes
EMP3629,Marketing,27,80404,19,49,96,Yes
EMP3630,Operations,52,28581,13,31,71,No
EMP3631,HR,51,58050,18,32,45,No
EMP3632,Operations,27,84596,13,53,61,No
EMP3633,Finance,23,67319,10,47,89,Yes
EMP3634,Finance,34,105441,14,33,40,No
EMP3635,Marketing,22,91361,15,32,72,Yes
EMP3636,Sales,57,75879,18,50,86,Yes
EMP3637,Marketing,28,116516,17,45,51,No
EMP3638,Sales,31,30218,10,49,61,No
EMP3639,Operations,30,35069,7,45,71,Yes
EMP3640,Finance,32,74377,2,39,51,No
EMP3641,Operations,58,89664,8,52,68,No
EMP3642,HR,27,46552,5,34,87,No
EMP3643,Marketing,57,28103,15,45,63,No
EMP3644,Finance,22,117852,17,58,84,Yes
EMP3645,Marketing,27,79869,16,31,57,No
EMP3646,Operations,48,33773,3,32,56,No
EMP3647,Operations,43,87210,13,46,98,Yes
EMP3648,IT,28,28160,6,32,76,Yes
EMP3649,IT,49,111489,18,41,75,Yes
EMP3650,HR,32,101299,14,33,75,Yes
EMP3651,IT,30,64366,5,53,84,Yes
EMP3652,Sales,24,91872,1,33,73,No
EMP3653,Marketing,54,26160,10,58,91,Yes
EMP3654,IT,51,52991,7,51,70,No
EMP3655,IT,27,47599,13,47,80,Yes
EMP3656,HR,30,112435,5,57,72,Yes
EMP3657,HR,51,92290,3,48,50,No
EMP3658,Finance,44,54536,9,43,43,No
EMP3659,HR,41,76724,1,36,82,Yes
EMP3660,Sales,46,83959,20,56,95,Yes
EMP3661,IT,51,105595,17,58,66,No
EMP3662,Operations,31,56632,20,46,58,No
EMP3663,HR,48,103619,1,43,44,No
EMP3664,Operations,30,109069,2,41,57,No
EMP3665,Finance,42,64779,18,49,60,No
EMP3666,Finance,53,88935,13,54,95,No
EMP3667,Marketing,56,114415,20,49,82,Yes
EMP3668,IT,51,69181,3,52,71,No
EMP3669,Marketing,54,105788,3,38,80,Yes
EMP3670,Sales,39,102913,17,37,60,No
EMP3671,Sales,36,99188,7,41,59,No
EMP3672,Sales,54,113617,14,38,56,No
EMP3673,Operations,33,105354,5,55,89,Yes
EMP3674,IT,44,118404,18,47,60,No
EMP3675,Finance,58,93172,6,33,86,Yes
EMP3676,Sales,36,51965,20,55,80,No
EMP3677,IT,52,74151,8,42,70,No
EMP3678,Marketing,50,95439,11,34,56,No
EMP3679,Sales,28,74356,18,42,40,Yes
EMP3680,Sales,52,84606,18,48,92,Yes
EMP3681,Marketing,47,51108,9,31,67,No
EMP3682,Finance,59,39166,16,43,64,No
EMP3683,IT,32,41110,12,54,91,No
EMP3684,HR,25,61353,4,47,74,Yes
EMP3685,HR,48,51855,2,58,82,Yes
EMP3686,HR,28,69250,20,53,57,No
EMP3687,IT,35,53893,20,49,76,No
EMP3688,Marketing,43,55980,5,30,75,No
EMP3689,IT,31,75236,7,47,79,Yes
EMP3690,IT,26,99873,20,38,91,Yes
EMP3691,HR,36,78267,8,37,69,No
EMP3692,IT,35,61630,4,30,55,No
EMP3693,Finance,58,103606,13,44,53,No
EMP3694,HR,47,118378,15,44,49,No
EMP3695,Finance,45,28018,18,54,57,No
EMP3696,Operations,52,82232,17,40,60,Yes
EMP3697,Marketing,45,82958,20,36,63,No
EMP3698,HR,59,116610,13,35,90,Yes
EMP3699,IT,41,71303,13,38,55,No
EMP3700,IT,45,103700,16,60,41,No
EMP3701,Marketing,36,109603,3,44,85,No
EMP3702,Finance,57,70243,12,42,41,No
EMP3703,Operations,49,80592,3,43,56,No
EMP3704,Sales,44,59060,16,35,50,No
EMP3705,Marketing,54,103525,17,55,52,No
EMP3706,Finance,44,31288,8,32,85,No
EMP3707,HR,56,31562,9,32,73,No
EMP3708,Finance,30,63424,5,57,67,Yes
EMP3709,IT,35,78669,10,35,73,Yes
EMP3710,HR,24,100053,6,39,75,No
EMP3711,Finance,31,55965,1,55,52,No
EMP3712,HR,25,38305,9,56,90,Yes
EMP3713,HR,50,97540,12,53,51,No
EMP3714,IT,36,26146,11,57,50,No
EMP3715,Marketing,22,90655,17,58,43,No
EMP3716,IT,24,86481,5,57,48,No
EMP3717,Marketing,44,100217,9,44,55,No
EMP3718,Operations,28,118510,8,35,80,Yes
EMP3719,HR,25,74469,5,30,58,No
EMP3720,Finance,46,97130,18,53,65,No
EMP3721,Finance,54,71391,20,48,85,No
EMP3722,Finance,37,93612,14,35,72,No
EMP3723,IT,23,52117,3,49,63,No
EMP3724,HR,59,79055,13,42,59,No
EMP3725,Sales,52,51044,1,36,67,No
EMP3726,IT,49,102388,5,50,90,Yes
EMP3727,IT,30,27146,8,58,68,Yes
EMP3728,Finance,50,118439,15,41,96,Yes
EMP3729,IT,47,31730,8,60,49,No
EMP3730,HR,39,74025,2,41,69,No
EMP3731,Operations,48,35239,20,39,62,No
EMP3732,Marketing,51,30311,16,32,62,No
EMP3733,Sales,53,46750,1,33,49,No
EMP3734,Marketing,38,32849,1,46,53,No
EMP3735,Sales,22,83767,13,40,91,Yes
EMP3736,Sales,41,62345,12,31,91,Yes
EMP3737,HR,49,88899,14,54,72,Yes
EMP3738,Marketing,57,91315,3,60,49,No
EMP3739,Finance,42,111588,15,53,86,Yes
EMP3740,IT,30,50733,3,49,64,No
EMP3741,IT,23,30768,10,30,48,No
EMP3742,Marketing,33,79734,5,43,75,No
EMP3743,IT,21,33680,6,57,42,No
EMP3744,Finance,25,53717,15,59,50,No
EMP3745,Finance,28,35481,15,55,97,Yes
EMP3746,Operations,44,86463,9,48,75,No
EMP3747,Operations,42,107775,11,46,49,No
EMP3748,Operations,58,93163,9,55,78,No
EMP3749,IT,35,27913,14,45,57,No
EMP3750,Marketing,40,90388,13,31,100,Yes
EMP3751,Sales,27,44394,18,37,94,Yes
EMP3752,IT,50,45087,4,52,74,No
EMP3753,Finance,46,79957,19,40,59,Yes
EMP3754,IT,51,111885,3,54,60,No
EMP3755,HR,48,78205,14,34,66,No
EMP3756,HR,42,73546,4,39,55,No
EMP3757,Finance,46,102125,7,42,67,No
EMP3758,Sales,36,105028,6,40,50,No
EMP3759,Marketing,45,35863,4,32,45,No
EMP3760,HR,30,95827,14,45,97,Yes
EMP3761,Operations,30,31731,1,45,51,Yes
EMP3762,Sales,44,113963,12,51,76,Yes
EMP3763,IT,40,68272,4,31,77,Yes
EMP3764,HR,21,50198,6,58,65,No
EMP3765,Finance,27,60039,19,39,79,No
EMP3766,HR,39,43168,3,44,78,No
EMP3767,IT,53,37598,16,49,54,No
EMP3768,HR,46,69388,6,52,70,No
EMP3769,Sales,53,65160,10,50,85,No
EMP3770,Finance,36,65543,11,36,55,No
EMP3771,Operations,30,29823,3,31,77,No
EMP3772,IT,27,83840,5,34,86,Yes
EMP3773,Sales,41,100926,8,52,70,No
EMP3774,HR,56,102027,10,59,85,Yes
EMP3775,Finance,23,72737,6,42,52,No
EMP3776,HR,23,58053,13,35,92,Yes
EMP3777,Operations,46,117948,11,44,48,No
EMP3778,Operations,48,111298,11,60,98,Yes
EMP3779,Operations,32,25975,6,60,56,No
EMP3780,Finance,42,44420,2,58,48,No
EMP3781,Marketing,52,61419,7,53,51,No
EMP3782,HR,44,118240,11,55,79,Yes
EMP3783,HR,27,88281,17,36,53,No
EMP3784,Operations,53,60841,17,42,96,Yes
EMP3785,Marketing,33,82008,2,44,86,Yes
EMP3786,Sales,55,84826,2,39,61,Yes
EMP3787,Marketing,25,87195,14,59,69,No
EMP3788,Marketing,57,55270,11,56,77,Yes
EMP3789,Sales,40,110466,2,56,54,No
EMP3790,Marketing,37,76748,9,30,73,Yes
EMP3791,IT,49,56323,13,30,67,Yes
EMP3792,HR,38,95157,18,60,66,Yes
EMP3793,Operations,40,103675,2,45,77,Yes
EMP3794,Operations,56,62690,4,57,55,No
EMP3795,Finance,56,68068,6,47,81,Yes
EMP3796,Operations,48,35443,11,50,55,No
EMP3797,HR,27,42023,9,35,82,Yes
EMP3798,Sales,47,46215,14,36,86,Yes
EMP3799,HR,39,65565,18,52,75,No
EMP3800,HR,30,40917,1,60,55,Yes
EMP3801,Sales,32,39859,15,40,47,No
EMP3802,Marketing,50,91948,4,45,82,Yes
EMP3803,HR,43,37062,12,35,64,No
EMP3804,Marketing,37,27389,20,55,90,Yes
EMP3805,HR,31,44111,11,35,73,No
EMP3806,Marketing,33,87742,12,30,61,No
EMP3807,Finance,27,92163,13,36,50,No
EMP3808,Operations,51,101854,3,53,54,No
EMP3809,Finance,56,85011,13,40,81,Yes
EMP3810,HR,23,84363,7,30,76,Yes
EMP3811,Operations,44,110028,11,43,87,No
EMP3812,Sales,50,36170,5,56,46,No
EMP3813,Marketing,28,102710,5,45,71,No
EMP3814,Marketing,42,40696,20,55,42,No
EMP3815,Operations,41,57248,10,47,92,Yes
EMP3816,HR,27,32197,10,51,48,No
EMP3817,Finance,30,61787,11,57,66,No
EMP3818,Marketing,44,34845,16,39,87,Yes
EMP3819,HR,22,62375,11,35,85,Yes
EMP3820,IT,54,104024,20,57,46,No
EMP3821,HR,37,68749,11,58,47,No
EMP3822,IT,58,35333,8,31,57,No
EMP3823,Marketing,55,35441,18,59,76,No
EMP3824,Marketing,40,97399,10,33,97,Yes
EMP3825,HR,40,80072,3,51,61,No
EMP3826,HR,29,34010,4,60,100,Yes
EMP3827,HR,51,30573,16,55,63,No
EMP3828,HR,37,45815,19,60,75,No
EMP3829,IT,26,68786,6,35,81,No
EMP3830,Operations,27,107685,1,45,53,No
EMP3831,IT,31,114449,17,37,66,Yes
EMP3832,Marketing,38,100588,7,45,75,Yes
EMP3833,Finance,34,105380,13,36,92,Yes
EMP3834,Sales,29,78021,19,43,98,Yes
EMP3835,Sales,36,105790,4,52,66,Yes
EMP3836,Marketing,52,25190,4,42,77,Yes
EMP3837,Sales,29,100578,6,56,81,Yes
EMP3838,Operations,36,42360,2,37,55,No
EMP3839,Operations,25,114662,13,34,53,No
EMP3840,HR,57,25369,7,52,47,No
EMP3841,HR,47,39018,11,36,68,Yes
EMP3842,Operations,28,73333,11,43,64,No
EMP3843,Operations,38,83118,7,57,80,Yes
EMP3844,Finance,43,49641,8,45,71,No
EMP3845,Finance,24,58044,1,43,69,Yes
EMP3846,HR,50,93718,10,36,66,Yes
EMP3847,Sales,30,62151,9,35,67,No
EMP3848,Finance,54,33558,19,44,62,No
EMP3849,IT,49,51335,9,56,70,No
EMP3850,Sales,31,87960,8,44,97,Yes
EMP3851,IT,52,75407,8,60,75,No
EMP3852,IT,28,60084,12,46,56,No
EMP3853,Sales,54,65660,13,30,44,No
EMP3854,HR,36,62068,9,55,55,No
EMP3855,Operations,56,105425,19,55,99,Yes
EMP3856,IT,52,94248,1,34,41,No
EMP3857,Operations,56,80014,19,40,40,No
EMP3858,IT,27,65152,14,38,84,No
EMP3859,Marketing,33,107424,13,51,93,No
EMP3860,Marketing,57,71777,4,42,70,No
EMP3861,IT,41,31003,11,41,70,No
EMP3862,Marketing,42,89638,8,43,75,Yes
EMP3863,HR,27,99076,5,37,66,No
EMP3864,IT,50,79048,18,53,44,No
EMP3865,Marketing,49,119166,5,37,87,Yes
EMP3866,Sales,27,29799,9,30,98,Yes
EMP3867,HR,38,109281,19,58,68,No
EMP3868,HR,42,56025,20,33,45,No
EMP3869,Marketing,55,107458,8,31,70,No
EMP3870,Marketing,31,111153,1,59,93,Yes
EMP3871,IT,47,68351,4,32,72,No
EMP3872,Marketing,38,25012,14,52,62,No
EMP3873,Finance,56,116218,6,30,87,Yes
EMP3874,Operations,57,27799,9,36,51,No
EMP3875,IT,23,48513,7,56,53,No
EMP3876,Sales,50,33031,15,37,79,Yes
EMP3877,HR,34,73056,10,56,83,Yes
EMP3878,Operations,25,45849,16,42,40,No
EMP3879,HR,55,47950,14,33,45,No
EMP3880,IT,25,45150,14,33,67,Yes
EMP3881,IT,38,118545,17,52,75,No
EMP3882,Marketing,58,101758,11,58,68,Yes
EMP3883,Marketing,55,111575,19,36,68,No
EMP3884,Marketing,49,61592,11,38,78,Yes
EMP3885,Operations,22,50725,13,39,64,No
EMP3886,Finance,26,101205,4,55,84,Yes
EMP3887,HR,35,116785,18,60,94,Yes
EMP3888,Finance,46,110151,19,52,87,No
EMP3889,HR,54,48565,18,58,54,No
EMP3890,IT,24,91639,20,47,96,Yes
EMP3891,Marketing,56,35953,11,46,74,Yes
EMP3892,Sales,42,96946,5,56,51,Yes
EMP3893,Finance,34,43312,8,52,80,Yes
EMP3894,IT,49,34363,14,53,80,Yes
EMP3895,Operations,41,85410,6,51,57,No
EMP3896,Sales,22,29339,1,54,41,No
EMP3897,Operations,22,119776,1,32,60,No
EMP3898,Operations,58,35625,3,52,52,No
EMP3899,HR,49,95651,12,31,90,Yes
EMP3900,Marketing,22,119270,5,41,60,No
EMP3901,HR,53,109621,10,54,58,No
EMP3902,HR,55,44391,20,51,76,No
EMP3903,Sales,52,93448,3,34,51,No
EMP3904,Sales,53,106481,2,40,64,No
EMP3905,Marketing,48,86251,1,31,78,Yes
EMP3906,Operations,37,57192,13,41,80,Yes
EMP3907,Sales,54,61055,17,34,65,Yes
EMP3908,HR,36,79129,5,55,57,No
EMP3909,Sales,44,111681,2,41,59,No
EMP3910,Marketing,45,30488,18,52,42,No
EMP3911,HR,47,52252,8,43,78,No
EMP3912,Marketing,50,106014,12,55,41,No
EMP3913,Operations,54,49217,5,32,43,No
EMP3914,HR,28,76337,9,56,73,Yes
EMP3915,Marketing,54,25651,9,50,86,Yes
EMP3916,Operations,32,96758,16,45,96,No
EMP3917,Marketing,33,74556,7,46,81,Yes
EMP3918,Sales,36,45297,3,34,84,Yes
EMP3919,Operations,39,47396,17,48,81,Yes
EMP3920,Operations,40,78430,10,35,41,No
EMP3921,Finance,29,73268,17,43,53,No
EMP3922,Sales,26,85550,2,56,64,No
EMP3923,Operations,45,45535,12,60,88,Yes
EMP3924,Sales,23,49456,13,55,54,No
EMP3925,Sales,42,96233,6,39,52,No
EMP3926,Operations,22,112643,3,45,64,No
EMP3927,Sales,39,92237,19,60,92,Yes
EMP3928,HR,35,39282,12,37,75,No
EMP3929,Marketing,32,61101,11,53,48,No
EMP3930,Operations,24,113300,11,31,58,No
EMP3931,HR,39,56302,7,59,53,No
EMP3932,Sales,33,93971,9,48,60,No
EMP3933,HR,46,54082,5,55,46,Yes
EMP3934,Operations,59,84604,17,44,86,No
EMP3935,HR,55,31334,20,36,55,No
EMP3936,Operations,33,89563,7,34,65,No
EMP3937,IT,23,78300,2,53,44,No
EMP3938,Marketing,53,90099,11,42,46,No
EMP3939,Marketing,47,97423,17,58,40,Yes
EMP3940,IT,34,28482,1,48,46,No
EMP3941,Finance,28,97055,5,56,78,No
EMP3942,HR,36,115229,13,40,70,No
EMP3943,Finance,37,62178,20,33,86,No
EMP3944,HR,34,76348,12,49,90,Yes
EMP3945,HR,25,65793,20,32,91,Yes
EMP3946,Marketing,57,62596,4,47,58,No
EMP3947,Finance,54,87566,11,56,41,No
EMP3948,Finance,33,47360,6,60,53,No
EMP3949,Marketing,30,34633,8,44,57,No
EMP3950,Finance,25,37088,9,59,42,No
EMP3951,Operations,39,42046,17,47,66,No
EMP3952,HR,44,107638,1,54,90,Yes
EMP3953,Finance,46,81186,14,60,90,Yes
EMP3954,Marketing,27,40271,5,43,89,No
EMP3955,HR,33,32259,17,58,53,No
EMP3956,Finance,59,36584,1,42,49,No
EMP3957,HR,41,52899,4,60,51,No
EMP3958,Sales,42,71634,2,56,67,No
EMP3959,IT,48,99978,4,45,80,No
EMP3960,Finance,56,109430,5,49,53,No
EMP3961,Sales,39,30287,4,37,59,No
EMP3962,HR,54,83645,7,40,59,No
EMP3963,Operations,56,94285,5,43,42,No
EMP3964,Operations,44,105544,4,31,46,No
EMP3965,Finance,22,104387,2,46,63,No
EMP3966,Marketing,25,62925,10,48,51,No
EMP3967,Operations,49,58455,19,55,50,No
EMP3968,Marketing,57,106759,14,54,79,No
EMP3969,Finance,39,97443,20,54,78,No
EMP3970,Operations,50,36751,17,39,49,No
EMP3971,Sales,58,75344,19,37,49,No
EMP3972,HR,39,27788,17,58,59,No
EMP3973,IT,32,49952,4,35,93,Yes
EMP3974,IT,39,43519,14,42,76,No
EMP3975,HR,47,106555,1,47,70,Yes
EMP3976,Operations,28,84923,14,58,41,No
EMP3977,IT,34,65567,18,60,86,Yes
EMP3978,Marketing,35,67700,20,59,63,No
EMP3979,Marketing,29,111148,18,54,41,No
EMP3980,Sales,21,70178,14,58,82,Yes
EMP3981,IT,57,104954,14,40,41,No
EMP3982,IT,46,102399,12,47,83,Yes
EMP3983,Operations,38,37254,18,42,76,Yes
EMP3984,Finance,25,53394,1,47,70,No
EMP3985,HR,30,49941,17,40,76,Yes
EMP3986,HR,37,50171,9,42,74,Yes
EMP3987,Marketing,40,91719,9,50,97,Yes
EMP3988,HR,31,87707,8,30,40,No
EMP3989,Marketing,48,103694,13,59,96,Yes
EMP3990,HR,28,75749,17,36,44,Yes
EMP3991,IT,42,28340,2,60,44,No
EMP3992,HR,38,35499,10,50,78,Yes
EMP3993,Operations,41,32120,15,43,89,Yes
EMP3994,Operations,54,50676,19,60,68,No
EMP3995,Operations,30,31592,12,37,80,Yes
EMP3996,HR,52,82756,15,49,58,No
EMP3997,HR,49,43314,13,54,95,Yes
EMP3998,IT,59,42982,12,30,75,No
EMP3999,Operations,52,106971,16,59,64,No
EMP4000,IT,57,116656,20,32,89,Yes
EMP4001,HR,46,93679,18,38,44,No
EMP4002,IT,33,84489,8,32,99,Yes
EMP4003,Sales,43,118705,6,36,62,No
EMP4004,Finance,27,86235,18,59,45,No
EMP4005,IT,31,113871,4,32,78,Yes
EMP4006,Finance,28,53687,14,37,92,Yes
EMP4007,Operations,41,42348,15,45,74,No
EMP4008,Sales,45,40894,7,36,68,Yes
EMP4009,Operations,55,63892,10,38,77,Yes
EMP4010,IT,58,67339,2,34,95,Yes
EMP4011,Marketing,23,37388,14,38,58,No
EMP4012,IT,49,51855,9,56,46,No
EMP4013,Marketing,27,43582,15,53,90,Yes
EMP4014,Marketing,31,49464,3,30,93,Yes
EMP4015,HR,52,102200,18,56,51,No
EMP4016,IT,37,93082,14,35,76,No
EMP4017,Operations,52,115017,20,44,54,No
EMP4018,IT,55,56854,4,57,72,Yes
EMP4019,Operations,41,78533,1,40,54,No
EMP4020,Finance,22,89595,19,47,86,Yes
EMP4021,Finance,28,84450,16,52,43,No
EMP4022,Finance,36,78095,17,54,91,Yes
EMP4023,HR,44,25295,13,47,49,Yes
EMP4024,IT,32,54348,12,40,83,Yes
EMP4025,Finance,44,26944,11,47,68,No
EMP4026,Operations,37,78075,19,34,86,Yes
EMP4027,Operations,32,34535,19,34,60,No
EMP4028,Finance,59,30168,18,48,74,No
EMP4029,Sales,36,81355,20,49,74,Yes
EMP4030,Marketing,22,45753,5,58,98,Yes
EMP4031,Sales,23,104320,8,51,93,Yes
EMP4032,Operations,59,118945,9,46,58,No
EMP4033,Sales,59,69265,20,46,75,No
EMP4034,Operations,26,62167,12,44,80,Yes
EMP4035,Finance,23,116131,15,32,62,No
EMP4036,IT,55,77645,15,42,70,Yes
EMP4037,Operations,32,28436,20,44,57,No
EMP4038,HR,25,119294,15,45,79,No
EMP4039,Finance,55,44649,20,48,98,Yes
EMP4040,Finance,30,41972,11,46,76,Yes
EMP4041,Operations,23,109319,18,40,83,Yes
EMP4042,Finance,32,114435,8,41,43,No
EMP4043,HR,44,76138,13,53,79,Yes
EMP4044,Finance,57,30022,1,51,47,No
EMP4045,Marketing,32,69909,12,38,56,No
EMP4046,Marketing,46,85383,19,42,52,No
EMP4047,Marketing,39,49338,8,50,100,Yes
EMP4048,Marketing,57,60291,13,56,95,Yes
EMP4049,IT,55,100051,4,40,65,Yes
EMP4050,HR,41,49458,18,54,61,No
EMP4051,Finance,32,70003,13,35,76,Yes
EMP4052,Marketing,35,116042,8,40,73,No
EMP4053,Operations,44,38398,8,57,100,Yes
EMP4054,Marketing,46,73395,12,30,100,Yes
EMP4055,Marketing,37,75630,18,40,41,No
EMP4056,Finance,39,59302,8,30,52,No
EMP4057,Marketing,28,113529,17,56,76,Yes
EMP4058,HR,51,103512,16,35,43,No
EMP4059,Operations,42,101280,8,38,90,Yes
EMP4060,Sales,34,76711,10,32,60,No
EMP4061,HR,41,67960,7,33,53,No
EMP4062,Sales,34,79982,16,53,94,No
EMP4063,HR,36,80869,15,57,60,Yes
EMP4064,Marketing,38,44619,4,39,100,Yes
EMP4065,HR,23,71381,6,44,64,No
EMP4066,HR,58,93645,16,47,43,No
EMP4067,IT,51,25881,9,41,48,No
EMP4068,Marketing,54,98112,12,42,50,No
EMP4069,Sales,56,81118,14,31,60,No
EMP4070,Marketing,53,79462,15,47,68,Yes
EMP4071,IT,29,89580,11,46,61,No
EMP4072,Operations,38,95955,11,53,77,No
EMP4073,Sales,41,118411,20,39,51,No
EMP4074,Sales,28,35876,14,40,41,No
EMP4075,HR,23,30619,5,55,59,No
EMP4076,IT,58,109848,8,32,55,No
EMP4077,HR,41,66599,3,36,40,No
EMP4078,Finance,23,93391,7,50,80,Yes
EMP4079,Operations,32,114390,4,39,59,No
EMP4080,Marketing,54,105859,13,42,77,No
EMP4081,Operations,52,43883,16,60,94,Yes
EMP4082,IT,48,83851,15,53,100,Yes
EMP4083,Finance,30,25834,5,41,94,Yes
EMP4084,Operations,31,73343,10,36,100,No
EMP4085,Marketing,34,47658,18,55,92,Yes
EMP4086,IT,33,33246,5,36,78,Yes
EMP4087,Operations,21,107170,10,49,45,Yes
EMP4088,Operations,21,36776,17,37,66,Yes
EMP4089,IT,34,119050,18,44,62,Yes
EMP4090,IT,51,77956,17,52,45,No
EMP4091,IT,32,70886,16,44,60,No
EMP4092,Sales,56,107278,9,45,48,No
EMP4093,Marketing,23,67655,5,49,45,No
EMP4094,Operations,50,75123,18,37,86,Yes
EMP4095,HR,56,48809,15,60,47,No
EMP4096,IT,25,84921,7,36,68,No
EMP4097,Operations,34,98988,19,60,51,No
EMP4098,HR,41,48827,6,34,76,No
EMP4099,Marketing,34,78993,6,60,46,No
EMP4100,Sales,58,34877,10,37,75,No
EMP4101,IT,31,67611,12,52,55,No
EMP4102,Marketing,34,66969,18,60,59,No
EMP4103,HR,52,119999,15,53,87,No
EMP4104,IT,31,76522,10,37,100,Yes
EMP4105,Sales,37,58278,19,55,100,Yes
EMP4106,Marketing,28,48653,15,49,92,No
EMP4107,Marketing,49,25352,6,48,51,No
EMP4108,IT,24,68399,8,51,97,Yes
EMP4109,Marketing,52,119209,4,36,71,No
EMP4110,Sales,29,100966,18,60,98,Yes
EMP4111,IT,30,28680,4,34,90,Yes
EMP4112,Operations,24,96824,7,35,42,No
EMP4113,Sales,56,89087,20,55,100,Yes
EMP4114,Finance,54,90989,17,57,76,No
EMP4115,Operations,34,115874,12,51,72,Yes
EMP4116,IT,55,76687,2,55,93,No
EMP4117,HR,33,27272,9,39,55,No
EMP4118,Operations,26,100060,19,40,47,No
EMP4119,Sales,31,52531,19,58,99,No
EMP4120,HR,30,109267,19,35,89,No
EMP4121,Marketing,43,112032,1,32,59,No
EMP4122,Sales,53,50277,2,49,92,Yes
EMP4123,HR,57,79471,16,32,53,No
EMP4124,Finance,26,104783,4,34,65,Yes
EMP4125,IT,30,40146,7,35,47,No
EMP4126,Operations,50,78754,15,54,82,Yes
EMP4127,HR,59,113268,3,33,47,No
EMP4128,HR,29,48685,2,33,79,No
EMP4129,Finance,29,119764,11,51,87,No
EMP4130,Finance,36,50945,20,53,86,Yes
EMP4131,Sales,57,50224,14,42,61,No
EMP4132,HR,32,84682,10,54,73,Yes
EMP4133,Sales,32,38167,3,39,41,No
EMP4134,Operations,46,106965,17,34,99,Yes
EMP4135,HR,57,112152,11,34,49,No
EMP4136,Finance,29,27243,19,36,84,No
EMP4137,Sales,45,33653,1,55,99,Yes
EMP4138,Operations,57,103145,12,34,89,Yes
EMP4139,Finance,22,37736,8,44,47,No
EMP4140,IT,48,72056,18,40,74,Yes
EMP4141,Sales,29,52788,1,38,100,Yes
EMP4142,Operations,30,28361,5,45,99,Yes
EMP4143,HR,44,105511,6,45,54,No
EMP4144,Sales,24,46804,20,49,43,No
EMP4145,Operations,26,81521,14,57,77,Yes
EMP4146,IT,29,41578,10,46,81,No
EMP4147,HR,42,66869,9,60,95,Yes
EMP4148,Operations,21,54076,10,31,55,Yes
EMP4149,HR,44,78154,16,48,98,Yes
EMP4150,Finance,44,80468,10,49,44,No
EMP4151,Marketing,43,73754,10,43,93,Yes
EMP4152,IT,37,87858,4,34,93,No
EMP4153,Finance,48,25358,4,31,75,Yes
EMP4154,HR,53,41074,2,36,41,No
EMP4155,Operations,47,97593,8,33,68,Yes
EMP4156,HR,52,46217,14,46,42,No
EMP4157,Marketing,27,112843,12,44,46,No
EMP4158,HR,27,69920,2,44,45,No
EMP4159,HR,47,84370,4,37,43,No
EMP4160,IT,42,35447,2,56,95,Yes
EMP4161,Marketing,38,89491,10,36,91,Yes
EMP4162,HR,33,28249,1,48,67,Yes
EMP4163,Marketing,54,113652,12,44,67,No
EMP4164,Marketing,37,90034,1,36,47,No
EMP4165,Sales,33,112955,7,49,65,Yes
EMP4166,Finance,37,82340,13,43,92,Yes
EMP4167,Sales,58,33398,17,37,93,Yes
EMP4168,Finance,22,29205,2,38,65,No
EMP4169,HR,40,68297,19,30,88,Yes
EMP4170,HR,24,83580,19,45,82,Yes
EMP4171,Sales,23,27575,9,48,55,No
EMP4172,Marketing,25,118703,19,54,84,No
EMP4173,Operations,38,100257,1,40,55,No
EMP4174,Operations,25,66506,6,31,56,No
EMP4175,Marketing,23,102286,10,50,93,Yes
EMP4176,Finance,46,104443,17,45,80,Yes
EMP4177,HR,33,85718,19,44,83,Yes
EMP4178,Finance,45,104034,18,53,58,No
EMP4179,Finance,27,44456,7,45,58,No
EMP4180,Finance,51,99844,9,37,54,No
EMP4181,Sales,48,48988,7,53,84,No
EMP4182,Operations,58,103003,10,48,76,No
EMP4183,Marketing,49,26921,3,52,92,No
EMP4184,IT,48,111549,5,30,53,No
EMP4185,Marketing,50,95851,6,33,45,No
EMP4186,IT,22,107683,9,33,94,No
EMP4187,Marketing,26,55829,12,51,84,Yes
EMP4188,Marketing,53,103049,17,58,89,Yes
EMP4189,IT,28,35944,15,60,41,No
EMP4190,Marketing,53,107045,19,60,58,No
EMP4191,Marketing,22,34254,18,59,65,No
EMP4192,Sales,55,43119,6,54,47,No
EMP4193,Sales,54,92258,8,48,68,No
EMP4194,Sales,49,26511,18,35,43,No
EMP4195,Sales,55,31137,14,45,60,No
EMP4196,HR,32,49761,13,48,45,No
EMP4197,Finance,26,109928,3,59,50,No
EMP4198,Finance,58,60443,6,49,82,Yes
EMP4199,Marketing,30,85733,13,48,100,No
EMP4200,Finance,24,60013,2,48,62,No
EMP4201,HR,37,36591,19,43,47,No
EMP4202,HR,52,97331,8,35,71,Yes
EMP4203,Operations,56,98162,8,40,86,Yes
EMP4204,HR,50,101157,13,35,58,No
EMP4205,Marketing,47,117013,10,56,79,Yes
EMP4206,Marketing,36,119418,9,59,79,No
EMP4207,Sales,49,92069,10,34,44,No
EMP4208,IT,56,69304,4,42,49,No
EMP4209,Sales,58,56871,14,38,74,No
EMP4210,HR,53,100218,8,38,74,No
EMP4211,Operations,53,54878,20,31,96,Yes
EMP4212,Sales,46,87852,5,54,73,No
EMP4213,Marketing,25,80694,1,49,93,Yes
EMP4214,Sales,25,53108,4,48,97,Yes
EMP4215,Operations,36,71890,20,50,92,Yes
EMP4216,IT,47,39150,8,36,70,No
EMP4217,HR,42,49455,8,31,98,Yes
EMP4218,Marketing,53,37372,13,40,89,No
EMP4219,HR,31,72227,9,54,59,No
EMP4220,Sales,28,105777,4,43,60,No
EMP4221,IT,39,60861,1,55,76,No
EMP4222,HR,51,88470,3,54,73,Yes
EMP4223,Sales,59,95548,19,54,74,No
EMP4224,Marketing,55,25373,13,44,93,Yes
EMP4225,HR,38,35435,15,38,66,No
EMP4226,HR,35,67788,20,35,98,Yes
EMP4227,Finance,37,96554,14,49,82,Yes
EMP4228,IT,58,76881,20,47,68,Yes
EMP4229,Marketing,45,99346,10,52,97,No
EMP4230,Sales,42,102116,9,40,91,Yes
EMP4231,HR,28,105438,5,53,78,No
EMP4232,HR,51,72358,8,52,99,Yes
EMP4233,Operations,23,71040,4,32,70,Yes
EMP4234,Operations,24,54762,20,47,88,Yes
EMP4235,Finance,34,80213,11,37,66,No
EMP4236,Operations,29,38108,17,48,56,No
EMP4237,Marketing,24,74674,16,30,43,Yes
EMP4238,Operations,57,64470,5,39,73,No
EMP4239,Sales,32,31154,10,59,64,No
EMP4240,Operations,38,97974,20,43,67,No
EMP4241,HR,41,82121,9,35,40,No
EMP4242,Sales,41,80520,12,45,88,Yes
EMP4243,Marketing,22,99869,15,55,100,Yes
EMP4244,Sales,35,50203,17,55,78,Yes
EMP4245,IT,36,73434,9,55,65,No
EMP4246,IT,32,79884,11,52,58,Yes
EMP4247,Finance,42,104121,20,41,54,No
EMP4248,HR,48,46006,6,33,51,No
EMP4249,IT,49,81122,16,52,82,Yes
EMP4250,Finance,29,66419,20,32,64,Yes
EMP4251,HR,32,61822,4,32,63,No
EMP4252,Marketing,37,94914,17,50,64,No
EMP4253,HR,55,26967,4,45,77,No
EMP4254,Finance,51,118187,16,47,48,No
EMP4255,HR,32,100738,20,58,100,Yes
EMP4256,HR,38,83473,5,52,66,No
EMP4257,IT,48,34979,5,53,47,No
EMP4258,HR,34,94305,9,37,87,Yes
EMP4259,Finance,42,54881,14,41,84,Yes
EMP4260,Finance,55,31303,15,47,62,No
EMP4261,Operations,31,73299,9,60,72,Yes
EMP4262,IT,28,113047,18,52,88,Yes
EMP4263,Sales,37,72451,9,31,42,No
EMP4264,Finance,37,65042,12,39,81,Yes
EMP4265,Operations,30,50796,3,33,48,No
EMP4266,IT,49,62416,18,49,88,Yes
EMP4267,Finance,26,84080,15,58,89,Yes
EMP4268,IT,36,112097,10,50,81,Yes
EMP4269,IT,52,47245,1,36,95,No
EMP4270,Marketing,45,114795,6,56,44,No
EMP4271,Sales,21,110859,18,31,91,No
EMP4272,Marketing,45,57366,2,38,61,No
EMP4273,IT,23,75674,20,55,54,No
EMP4274,Marketing,53,43982,9,49,97,Yes
EMP4275,IT,40,26548,2,57,98,No
EMP4276,Operations,27,92463,3,52,95,Yes
EMP4277,Finance,53,62565,17,58,44,No
EMP4278,Sales,32,61549,9,38,98,Yes
EMP4279,Sales,37,59326,14,31,92,Yes
EMP4280,Marketing,44,115234,3,45,78,No
EMP4281,Finance,56,39044,1,50,83,Yes
EMP4282,Operations,41,56578,20,33,49,No
EMP4283,Marketing,53,111647,9,57,74,No
EMP4284,Marketing,57,100927,14,48,73,No
EMP4285,IT,59,32985,10,40,70,No
EMP4286,IT,51,38717,9,56,68,No
EMP4287,Sales,45,55480,2,55,45,No
EMP4288,Marketing,55,74982,9,35,57,No
EMP4289,IT,56,110026,8,48,68,Yes
EMP4290,IT,36,99450,4,34,47,No
EMP4291,Operations,56,90531,1,42,98,No
EMP4292,Marketing,34,47597,17,57,72,No
EMP4293,Operations,57,98013,7,35,49,No
EMP4294,HR,21,49263,8,35,96,Yes
EMP4295,HR,54,75585,15,43,64,No
EMP4296,HR,53,107756,20,51,95,Yes
EMP4297,Operations,51,118698,13,33,40,No
EMP4298,Sales,33,73846,13,55,45,No
EMP4299,Operations,36,97487,10,59,60,No
EMP4300,Operations,26,102284,17,54,43,No
EMP4301,Sales,47,97133,5,36,60,No
EMP4302,Marketing,41,113641,4,31,40,No
EMP4303,HR,50,77989,6,30,63,No
EMP4304,Sales,42,102113,13,44,93,Yes
EMP4305,HR,23,82135,14,58,82,Yes
EMP4306,Sales,26,34676,1,58,81,Yes
EMP4307,Sales,40,36343,3,52,93,No
EMP4308,IT,39,25207,15,47,60,No
EMP4309,Marketing,58,60240,20,45,42,No
EMP4310,HR,44,98622,7,43,66,No
EMP4311,Sales,56,43458,13,47,86,Yes
EMP4312,Marketing,46,45880,13,49,69,No
EMP4313,Marketing,35,95770,14,47,75,No
EMP4314,Operations,57,40507,16,46,83,Yes
EMP4315,Finance,25,72721,1,41,91,Yes
EMP4316,IT,44,84445,3,48,69,No
EMP4317,HR,59,56030,5,30,100,Yes
EMP4318,Finance,43,84579,17,48,75,No
EMP4319,IT,45,26925,10,32,75,No
EMP4320,Marketing,44,43245,3,55,69,Yes
EMP4321,Marketing,41,40437,15,45,69,Yes
EMP4322,HR,29,88999,10,42,78,Yes
EMP4323,HR,27,96016,18,34,57,Yes
EMP4324,Operations,58,77797,5,43,57,No
EMP4325,IT,59,87590,11,46,77,Yes
EMP4326,HR,37,119503,12,38,98,Yes
EMP4327,Marketing,43,114262,10,41,71,No
EMP4328,HR,41,82031,17,34,40,No
EMP4329,IT,29,73125,16,56,40,No
EMP4330,HR,24,33305,13,37,99,Yes
EMP4331,Sales,47,61059,2,44,50,No
EMP4332,IT,38,86604,6,46,50,No
EMP4333,Marketing,41,119518,9,30,43,Yes
EMP4334,Marketing,54,48955,6,52,56,No
EMP4335,IT,26,42858,14,32,64,No
EMP4336,Marketing,44,25818,16,32,43,No
EMP4337,Marketing,24,36988,4,48,63,No
EMP4338,Marketing,32,85794,4,56,82,Yes
EMP4339,IT,48,35599,2,53,63,No
EMP4340,Finance,24,99647,5,36,42,Yes
EMP4341,HR,48,102810,11,51,40,Yes
EMP4342,Finance,37,116837,3,58,72,No
EMP4343,Sales,56,118241,11,52,58,No
EMP4344,Operations,30,99381,17,44,66,No
EMP4345,Marketing,34,79018,12,34,78,Yes
EMP4346,Finance,28,79187,3,60,79,No
EMP4347,Marketing,30,87145,7,55,59,No
EMP4348,HR,34,34269,2,38,61,Yes
EMP4349,Sales,56,112030,20,42,54,No
EMP4350,HR,50,63898,7,58,90,Yes
EMP4351,Sales,49,58558,17,54,96,No
EMP4352,Sales,30,80138,17,31,65,No
EMP4353,Marketing,48,30101,14,44,52,No
EMP4354,IT,37,64265,18,46,52,No
EMP4355,IT,41,54864,13,59,91,No
EMP4356,Sales,46,43074,18,31,61,No
EMP4357,Finance,49,61267,2,42,63,No
EMP4358,Sales,43,35493,12,60,65,Yes
EMP4359,Marketing,32,26275,20,31,74,No
EMP4360,Sales,27,30571,16,50,84,Yes
EMP4361,HR,59,38332,8,33,100,Yes
EMP4362,HR,50,91520,13,33,78,No
EMP4363,HR,30,68061,10,52,100,Yes
EMP4364,Finance,24,115012,6,35,80,Yes
EMP4365,Operations,44,55645,11,56,98,No
EMP4366,Operations,26,114468,6,30,97,Yes
EMP4367,IT,32,82375,11,55,90,No
EMP4368,Sales,24,26386,6,57,66,No
EMP4369,Operations,24,35346,11,33,61,No
EMP4370,Operations,32,70485,19,38,68,No
EMP4371,Marketing,42,29193,15,39,42,No
EMP4372,Finance,27,83057,7,57,48,No
EMP4373,Marketing,24,71381,19,51,63,No
EMP4374,IT,25,31310,1,42,58,No
EMP4375,Marketing,34,64854,1,36,84,No
EMP4376,HR,21,61363,12,34,100,Yes
EMP4377,IT,48,30977,17,49,84,No
EMP4378,Sales,25,34438,18,39,80,Yes
EMP4379,HR,35,110713,11,58,79,No
EMP4380,IT,55,72077,12,54,88,Yes
EMP4381,Sales,57,69625,5,31,63,No
EMP4382,HR,24,78419,16,48,100,Yes
EMP4383,Operations,22,77138,19,43,100,No
EMP4384,Marketing,24,34658,18,42,85,Yes
EMP4385,Sales,23,116154,8,45,72,Yes
EMP4386,Operations,29,118933,7,51,52,No
EMP4387,Sales,40,101159,12,57,54,Yes
EMP4388,Finance,52,85093,13,54,94,No
EMP4389,Sales,41,26055,7,35,80,Yes
EMP4390,HR,25,89648,7,42,60,No
EMP4391,Finance,32,62469,4,44,74,Yes
EMP4392,Marketing,24,107278,6,51,100,Yes
EMP4393,IT,35,54009,10,40,94,Yes
EMP4394,HR,23,99883,2,50,97,No
EMP4395,Operations,23,71683,8,30,80,Yes
EMP4396,Marketing,56,79264,17,38,55,Yes
EMP4397,HR,26,75335,13,44,54,No
EMP4398,Marketing,21,61908,11,60,99,No
EMP4399,Sales,57,97939,18,44,60,No
EMP4400,IT,26,47412,19,53,77,No
EMP4401,Sales,31,76805,2,37,93,Yes
EMP4402,Operations,32,26110,5,44,63,No
EMP4403,IT,25,58532,15,44,96,Yes
EMP4404,Marketing,29,25143,15,33,45,No
EMP4405,IT,35,118545,18,30,51,No
EMP4406,Operations,31,37972,20,53,82,Yes
EMP4407,Sales,54,41317,17,48,98,Yes
EMP4408,HR,44,99126,4,43,46,No
EMP4409,Marketing,48,52713,18,41,61,No
EMP4410,HR,58,66018,19,53,69,No
EMP4411,Finance,31,117271,4,42,75,No
EMP4412,Operations,24,69521,8,45,74,No
EMP4413,Operations,59,53304,3,47,64,No
EMP4414,IT,53,101268,16,58,51,No
EMP4415,Sales,42,65762,2,51,46,No
EMP4416,IT,31,119684,16,35,40,Yes
EMP4417,Marketing,34,105614,10,47,48,No
EMP4418,IT,29,111833,5,31,56,Yes
EMP4419,Sales,52,61537,7,53,48,No
EMP4420,Marketing,28,33655,14,60,63,No
EMP4421,Operations,33,116894,1,51,48,No
EMP4422,Operations,21,41722,2,50,53,No
EMP4423,Sales,30,53707,5,34,85,Yes
EMP4424,Sales,29,116154,4,37,63,No
EMP4425,HR,29,90973,3,43,61,No
EMP4426,Finance,37,76887,7,30,83,No
EMP4427,HR,43,118748,20,37,99,No
EMP4428,Finance,50,71643,13,58,77,Yes
EMP4429,Marketing,35,42304,3,51,41,No
EMP4430,Marketing,26,79488,3,45,59,No
EMP4431,Marketing,23,45856,19,53,73,Yes
EMP4432,HR,37,57498,18,56,57,Yes
EMP4433,Finance,46,46260,5,48,45,No
EMP4434,IT,28,80023,16,30,72,Yes
EMP4435,Finance,56,73309,14,56,98,Yes
EMP4436,HR,45,55653,13,59,49,Yes
EMP4437,Marketing,46,72454,12,31,59,No
EMP4438,Sales,40,110986,2,44,67,Yes
EMP4439,IT,40,104253,7,52,54,No
EMP4440,Sales,21,64623,20,42,50,No
EMP4441,IT,31,75507,5,43,96,No
EMP4442,HR,39,44248,9,36,90,Yes
EMP4443,IT,42,110792,18,52,60,No
EMP4444,IT,27,114021,17,57,72,No
EMP4445,HR,55,89617,20,60,83,Yes
EMP4446,Operations,47,44335,8,53,59,No
EMP4447,Operations,26,111247,20,48,83,Yes
EMP4448,IT,33,98361,11,55,55,No
EMP4449,Operations,39,85415,6,58,63,No
EMP4450,Sales,55,55913,8,37,56,No
EMP4451,HR,36,35164,3,52,93,Yes
EMP4452,Operations,54,90471,13,30,63,No
EMP4453,Sales,44,86198,13,59,84,Yes
EMP4454,Sales,52,68361,15,42,77,No
EMP4455,Operations,38,119600,11,60,52,No
EMP4456,IT,48,73590,19,45,94,Yes
EMP4457,Finance,59,90901,13,60,91,Yes
EMP4458,IT,38,41577,3,35,61,No
EMP4459,HR,55,116454,1,48,61,No
EMP4460,Marketing,40,91590,3,56,61,No
EMP4461,Finance,59,43690,11,55,100,Yes
EMP4462,Finance,46,64595,15,35,47,No
EMP4463,IT,21,84401,9,34,55,No
EMP4464,Operations,58,40553,9,35,64,No
EMP4465,Sales,24,112516,9,50,74,No
EMP4466,IT,31,79454,4,39,89,Yes
EMP4467,Sales,34,119161,2,44,76,No
EMP4468,Operations,50,54622,4,60,98,Yes
EMP4469,HR,22,95013,4,45,100,Yes
EMP4470,Sales,31,43623,4,32,63,No
EMP4471,Finance,26,98004,9,40,50,No
EMP4472,Operations,38,48097,14,58,97,Yes
EMP4473,Finance,37,60003,16,31,47,No
EMP4474,Operations,31,109948,1,52,73,No
EMP4475,Sales,30,54171,15,44,68,Yes
EMP4476,Finance,46,114386,11,43,52,No
EMP4477,HR,28,61524,2,50,92,Yes
EMP4478,Operations,43,44988,15,59,74,Yes
EMP4479,Sales,41,110075,17,51,42,Yes
EMP4480,IT,51,114445,6,53,48,Yes
EMP4481,IT,41,85701,7,33,67,Yes
EMP4482,Sales,35,100191,4,54,98,Yes
EMP4483,Finance,54,107253,3,45,50,No
EMP4484,IT,28,50967,13,49,62,No
EMP4485,IT,54,76218,6,59,86,Yes
EMP4486,Operations,32,100446,16,55,55,No
EMP4487,Operations,44,105657,12,56,97,No
EMP4488,Operations,34,55753,5,35,49,No
EMP4489,Finance,35,116660,20,36,97,Yes
EMP4490,Marketing,32,25186,10,41,94,Yes
EMP4491,Operations,35,71404,8,34,54,No
EMP4492,HR,53,70876,2,45,65,Yes
EMP4493,HR,56,85177,2,46,51,No
EMP4494,Finance,28,91278,6,56,94,Yes
EMP4495,HR,27,26855,16,33,49,No
EMP4496,Sales,56,54132,18,51,75,No
EMP4497,IT,26,89617,14,59,85,Yes
EMP4498,Marketing,37,77761,16,36,60,No
EMP4499,Sales,29,44024,7,60,53,No
EMP4500,IT,30,46153,17,30,80,Yes
EMP4501,Marketing,39,58260,5,41,75,No
EMP4502,Operations,57,45222,6,35,86,No
EMP4503,Finance,24,74417,6,56,96,Yes
EMP4504,Sales,34,73705,2,58,64,No
EMP4505,Operations,51,57065,3,57,81,Yes
EMP4506,HR,38,77011,16,38,46,No
EMP4507,HR,52,112687,11,37,94,Yes
EMP4508,Sales,28,110616,18,40,49,Yes
EMP4509,Operations,25,53803,13,35,65,No
EMP4510,Marketing,39,112027,13,37,76,No
EMP4511,Finance,44,75609,3,40,86,Yes
EMP4512,Finance,23,72386,11,38,76,Yes
EMP4513,IT,25,73272,3,43,86,Yes
EMP4514,HR,57,113241,11,40,67,Yes
EMP4515,Marketing,26,100527,13,48,53,No
EMP4516,Finance,56,90097,12,55,51,Yes
EMP4517,HR,29,27380,9,35,67,No
EMP4518,Operations,21,34321,20,57,81,Yes
EMP4519,IT,26,44617,10,32,100,Yes
EMP4520,IT,48,106304,13,44,74,No
EMP4521,Finance,46,29762,19,60,73,No
EMP4522,HR,31,80884,16,58,70,Yes
EMP4523,Marketing,32,42282,15,50,64,No
EMP4524,HR,50,69448,19,60,73,No
EMP4525,Finance,55,80096,12,37,93,Yes
EMP4526,IT,57,116525,10,36,47,No
EMP4527,Operations,45,68098,10,36,41,No
EMP4528,Operations,58,108484,11,35,54,No
EMP4529,HR,31,40866,19,32,62,No
EMP4530,Sales,52,74563,9,39,76,No
EMP4531,Sales,51,25902,2,30,48,No
EMP4532,Marketing,50,76857,10,39,74,No
EMP4533,Finance,52,77548,10,48,68,No
EMP4534,Sales,26,80022,7,42,96,Yes
EMP4535,Operations,23,58676,11,31,41,No
EMP4536,Sales,41,116623,8,45,52,Yes
EMP4537,Operations,45,60703,19,43,79,Yes
EMP4538,Finance,49,35364,4,58,80,Yes
EMP4539,Sales,29,99620,13,37,60,No
EMP4540,Operations,44,102799,15,53,40,No
EMP4541,Sales,28,46169,17,35,69,No
EMP4542,IT,48,64283,8,32,94,Yes
EMP4543,Sales,54,106364,18,56,76,No
EMP4544,Marketing,46,70702,10,43,82,Yes
EMP4545,Sales,42,59304,10,53,54,No
EMP4546,Sales,25,65023,20,33,65,No
EMP4547,Marketing,58,57058,20,37,93,Yes
EMP4548,Sales,38,100801,15,39,54,No
EMP4549,Sales,47,59576,1,46,88,Yes
EMP4550,Operations,56,47457,5,37,43,No
EMP4551,Marketing,47,41817,20,53,70,No
EMP4552,IT,57,112688,18,50,89,No
EMP4553,Marketing,38,38075,8,35,46,No
EMP4554,Marketing,49,41919,2,52,51,No
EMP4555,Finance,23,87774,11,39,97,No
EMP4556,Sales,33,62626,14,41,61,No
EMP4557,Marketing,29,41470,2,37,40,Yes
EMP4558,Sales,57,81732,10,42,99,Yes
EMP4559,Operations,35,99261,2,56,41,No
EMP4560,Operations,43,38977,5,54,47,No
EMP4561,Finance,42,76574,12,46,85,Yes
EMP4562,IT,42,101329,11,50,83,No
EMP4563,HR,56,81392,3,59,76,No
EMP4564,HR,37,117512,12,47,59,No
EMP4565,Operations,41,76976,13,37,45,Yes
EMP4566,Marketing,56,73625,2,58,53,No
EMP4567,IT,33,78398,6,59,82,Yes
EMP4568,HR,36,50546,10,44,58,No
EMP4569,Finance,34,110986,4,30,59,No
EMP4570,Finance,58,79484,17,53,84,Yes
EMP4571,Operations,46,95814,1,31,75,No
EMP4572,Operations,41,118160,5,48,95,Yes
EMP4573,Marketing,24,45052,3,50,82,No
EMP4574,Finance,39,33442,15,38,52,No
EMP4575,Sales,34,66751,2,34,54,No
EMP4576,Sales,24,46413,6,56,75,No
EMP4577,Sales,48,76228,11,35,68,No
EMP4578,Operations,31,51079,7,34,73,No
EMP4579,Marketing,35,26221,5,30,48,No
EMP4580,Marketing,27,53249,7,58,40,No
EMP4581,IT,33,58244,14,44,68,Yes
EMP4582,Operations,28,112861,14,55,69,Yes
EMP4583,HR,49,80950,5,54,70,No
EMP4584,Sales,41,57653,2,35,57,No
EMP4585,IT,24,35255,6,59,54,No
EMP4586,Marketing,37,88915,6,37,41,No
EMP4587,Operations,29,31116,5,47,58,No
EMP4588,Marketing,22,36910,15,52,50,No
EMP4589,Operations,29,63361,2,58,63,Yes
EMP4590,Operations,47,58940,18,44,86,Yes
EMP4591,HR,51,109173,16,40,92,Yes
EMP4592,HR,59,48970,9,31,64,No
EMP4593,Marketing,35,95362,15,34,90,Yes
EMP4594,Operations,30,69496,17,57,99,Yes
EMP4595,IT,41,103485,2,55,77,No
EMP4596,Sales,45,76668,18,39,85,Yes
EMP4597,Marketing,30,57427,16,37,80,Yes
EMP4598,Marketing,25,49419,4,34,45,Yes
EMP4599,HR,28,94588,15,60,72,Yes
EMP4600,Operations,43,115224,18,43,91,No
EMP4601,Marketing,24,112767,3,44,94,Yes
EMP4602,Finance,39,115909,2,55,80,No
EMP4603,Marketing,30,71205,4,48,79,No
EMP4604,Operations,43,48357,20,40,87,No
EMP4605,HR,52,38372,6,35,49,No
EMP4606,Finance,37,57738,8,47,69,Yes
EMP4607,HR,44,62914,5,34,47,No
EMP4608,Finance,41,114797,9,48,96,Yes
EMP4609,IT,33,25197,18,56,52,No
EMP4610,Sales,39,64589,15,58,97,No
EMP4611,Sales,53,92969,16,46,78,No
EMP4612,Sales,21,60515,15,30,91,Yes
EMP4613,Sales,45,91517,12,32,79,No
EMP4614,Sales,33,114374,15,45,56,No
EMP4615,IT,46,80985,7,35,100,No
EMP4616,Operations,41,79278,8,38,51,No
EMP4617,Finance,51,66799,6,35,98,Yes
EMP4618,IT,22,79835,3,58,65,Yes
EMP4619,HR,30,104244,5,30,81,Yes
EMP4620,Operations,31,44779,19,39,47,Yes
EMP4621,Finance,34,30510,5,48,60,No
EMP4622,Operations,58,77720,8,43,55,No
EMP4623,Operations,30,109640,14,35,92,Yes
EMP4624,Sales,32,30602,14,42,44,No
EMP4625,Sales,53,28547,18,40,46,No
EMP4626,Operations,27,54233,18,54,94,Yes
EMP4627,Sales,57,95049,8,52,94,Yes
EMP4628,Operations,26,48170,5,33,100,No
EMP4629,HR,44,63806,17,51,98,No
EMP4630,Operations,44,95559,5,57,67,No
EMP4631,Marketing,52,77620,10,58,40,No
EMP4632,Marketing,28,94578,11,38,75,No
EMP4633,Finance,40,65054,5,56,93,Yes
EMP4634,HR,45,48286,19,59,72,No
EMP4635,Finance,49,108660,17,45,55,No
EMP4636,Marketing,41,75818,13,39,100,No
EMP4637,Operations,40,40565,20,43,86,Yes
EMP4638,Sales,32,39652,20,34,85,No
EMP4639,IT,32,34843,7,35,41,No
EMP4640,HR,23,62266,6,49,56,No
EMP4641,HR,39,88648,17,59,96,Yes
EMP4642,Operations,28,36802,16,57,79,No
EMP4643,Finance,58,104876,20,49,57,No
EMP4644,Marketing,27,110418,6,46,84,Yes
EMP4645,Operations,56,27608,2,37,96,Yes
EMP4646,Finance,22,115202,6,52,40,Yes
EMP4647,Sales,33,46141,18,40,52,No
EMP4648,IT,27,25504,11,50,42,No
EMP4649,IT,38,57017,17,58,55,No
EMP4650,HR,43,97502,6,59,66,No
EMP4651,Marketing,31,111505,19,54,79,Yes
EMP4652,Finance,46,94990,14,35,92,Yes
EMP4653,Finance,36,54771,6,57,75,No
EMP4654,IT,53,104877,13,51,90,No
EMP4655,IT,34,88393,14,58,87,Yes
EMP4656,Sales,28,107720,18,59,91,Yes
EMP4657,Finance,32,77120,15,33,55,No
EMP4658,Sales,27,25107,3,36,49,No
EMP4659,IT,33,54571,20,34,46,No
EMP4660,Marketing,35,70787,6,44,87,Yes
EMP4661,HR,54,87504,11,52,100,Yes
EMP4662,Operations,22,78223,16,45,64,Yes
EMP4663,HR,48,107463,12,56,77,Yes
EMP4664,Operations,55,93504,4,57,81,No
EMP4665,IT,25,106417,5,44,78,No
EMP4666,Finance,28,85377,17,52,47,No
EMP4667,Marketing,47,100963,18,50,55,No
EMP4668,Sales,43,111604,16,35,87,Yes
EMP4669,Operations,30,116946,13,42,63,No
EMP4670,Finance,55,75393,6,49,95,Yes
EMP4671,HR,29,67424,15,36,59,No
EMP4672,Marketing,57,46300,11,40,54,No
EMP4673,Operations,48,107349,1,54,68,No
EMP4674,IT,58,104669,1,44,57,No
EMP4675,IT,47,80450,19,39,44,No
EMP4676,Marketing,46,88495,1,47,40,No
EMP4677,Marketing,50,65238,16,38,75,Yes
EMP4678,Marketing,57,62254,13,38,44,No
EMP4679,IT,59,91069,10,33,66,No
EMP4680,Sales,50,93024,11,36,65,No
EMP4681,Marketing,55,39000,13,39,89,Yes
EMP4682,HR,37,63012,11,30,90,Yes
EMP4683,Operations,53,76707,1,40,50,No
EMP4684,HR,31,77228,5,60,69,Yes
EMP4685,Finance,39,97466,20,58,43,Yes
EMP4686,Marketing,32,60462,18,56,56,No
EMP4687,HR,35,25071,18,58,74,No
EMP4688,IT,23,68238,16,39,82,No
EMP4689,Marketing,36,106114,20,53,70,Yes
EMP4690,Operations,27,97526,12,43,95,Yes
EMP4691,IT,49,73569,1,31,40,No
EMP4692,Operations,43,119398,13,54,83,Yes
EMP4693,Marketing,59,71647,7,30,98,No
EMP4694,Sales,45,63375,4,47,56,No
EMP4695,IT,49,95957,10,43,68,No
EMP4696,Marketing,51,119504,1,50,47,No
EMP4697,IT,47,109245,2,30,47,No
EMP4698,IT,48,73806,4,31,54,No
EMP4699,Sales,40,58038,5,49,78,No
EMP4700,Finance,51,60947,11,60,67,No
EMP4701,Finance,44,46605,10,60,42,No
EMP4702,IT,28,67415,12,49,78,No
EMP4703,Finance,29,66343,14,54,51,No
EMP4704,IT,28,104821,1,40,55,No
EMP4705,Operations,39,82616,1,38,71,Yes
EMP4706,Finance,40,95934,10,51,90,Yes
EMP4707,Marketing,35,103745,14,40,50,Yes
EMP4708,IT,55,54520,11,30,71,No
EMP4709,IT,39,68649,12,36,46,No
EMP4710,Marketing,24,25435,8,42,48,No
EMP4711,HR,25,118995,16,37,99,Yes
EMP4712,IT,50,89835,6,43,89,Yes
EMP4713,Operations,55,57293,20,41,75,Yes
EMP4714,Operations,41,97632,11,35,51,No
EMP4715,Sales,31,114295,12,34,85,No
EMP4716,HR,46,40159,17,40,71,Yes
EMP4717,HR,49,33724,2,40,98,Yes
EMP4718,Operations,24,72614,10,49,45,No
EMP4719,Finance,40,60290,16,37,88,Yes
EMP4720,IT,43,43500,10,44,95,Yes
EMP4721,Operations,39,39697,15,33,62,No
EMP4722,Operations,57,85222,7,38,58,No
EMP4723,Marketing,34,29803,11,37,71,No
EMP4724,HR,35,50589,4,46,53,No
EMP4725,HR,33,56410,17,59,78,No
EMP4726,Finance,23,92237,16,46,74,No
EMP4727,Marketing,25,71219,6,45,74,No
EMP4728,HR,39,97725,14,35,60,No
EMP4729,Sales,32,41020,15,52,59,No
EMP4730,Operations,34,67917,8,45,91,No
EMP4731,Marketing,24,38307,17,48,95,Yes
EMP4732,Finance,51,49640,10,38,95,Yes
EMP4733,HR,51,83024,13,59,50,No
EMP4734,Finance,58,33559,10,37,53,No
EMP4735,IT,58,104246,19,38,96,Yes
EMP4736,Finance,37,69755,2,49,77,No
EMP4737,HR,23,39701,2,47,78,No
EMP4738,Finance,35,100686,1,47,97,Yes
EMP4739,Operations,42,46459,4,52,45,No
EMP4740,Finance,54,63077,10,35,81,Yes
EMP4741,Sales,53,92725,10,49,88,No
EMP4742,Operations,50,101393,12,44,50,No
EMP4743,Sales,52,68069,19,41,88,Yes
EMP4744,Marketing,28,102638,2,35,49,Yes
EMP4745,Operations,58,85654,18,49,82,No
EMP4746,Operations,25,43043,10,46,74,Yes
EMP4747,Marketing,49,35741,15,30,99,Yes
EMP4748,Marketing,54,64223,9,59,61,No
EMP4749,Sales,34,80765,16,54,95,Yes
EMP4750,Finance,54,38737,3,35,86,Yes
EMP4751,HR,34,94227,17,40,88,Yes
EMP4752,Marketing,28,35736,19,37,79,No
EMP4753,Finance,55,35457,9,60,98,Yes
EMP4754,HR,22,105897,19,50,94,Yes
EMP4755,HR,49,86343,19,31,63,No
EMP4756,Marketing,48,80438,19,36,54,No
EMP4757,Sales,26,107313,11,53,72,No
EMP4758,HR,50,26558,11,36,48,No
EMP4759,HR,28,40972,19,37,90,Yes
EMP4760,HR,36,94813,5,57,76,No
EMP4761,Sales,29,109714,11,41,47,No
EMP4762,Finance,23,100231,2,52,73,Yes
EMP4763,Marketing,27,90835,4,31,58,No
EMP4764,IT,40,52810,15,36,65,Yes
EMP4765,Sales,54,90036,7,42,88,Yes
EMP4766,Finance,26,53446,12,46,86,Yes
EMP4767,Marketing,36,52392,12,37,91,Yes
EMP4768,Operations,21,107133,11,47,60,No
EMP4769,Finance,26,73066,10,44,82,Yes
EMP4770,Operations,42,75572,13,37,77,No
EMP4771,IT,43,70444,4,33,64,No
EMP4772,Finance,23,111510,5,56,72,No
EMP4773,Finance,52,48817,15,30,94,Yes
EMP4774,Marketing,47,110217,13,43,40,No
EMP4775,IT,39,48211,17,32,64,No
EMP4776,Sales,25,117378,14,32,42,No
EMP4777,Marketing,50,67379,7,40,74,No
EMP4778,Operations,40,78686,9,31,63,No
EMP4779,HR,33,112723,18,47,40,No
EMP4780,IT,21,59610,5,45,66,Yes
EMP4781,IT,53,38428,9,50,56,No
EMP4782,Finance,28,94319,19,37,77,Yes
EMP4783,IT,22,100411,14,48,91,Yes
EMP4784,Finance,46,59095,20,50,84,No
EMP4785,Marketing,32,47692,17,47,88,No
EMP4786,Marketing,53,84551,9,57,60,No
EMP4787,Sales,28,117656,8,56,93,Yes
EMP4788,Marketing,50,42797,16,33,69,Yes
EMP4789,IT,22,109122,14,55,75,No
EMP4790,HR,27,75298,9,54,86,Yes
EMP4791,HR,33,64985,7,48,72,No
EMP4792,HR,53,89673,7,47,70,No
EMP4793,Operations,43,92104,8,53,54,No
EMP4794,Sales,51,83917,1,56,56,Yes
EMP4795,Operations,21,104304,1,49,98,Yes
EMP4796,Sales,33,92194,14,30,51,No
EMP4797,Finance,29,70702,9,55,50,No
EMP4798,Sales,25,110879,6,57,95,Yes
EMP4799,HR,23,119917,12,44,69,Yes
EMP4800,Sales,38,33688,1,31,85,Yes
EMP4801,Operations,58,117294,9,33,76,Yes
EMP4802,Sales,44,56483,18,50,44,Yes
EMP4803,Finance,40,37948,5,34,88,Yes
EMP4804,Finance,22,101989,18,45,49,No
EMP4805,Sales,57,78329,7,35,51,No
EMP4806,Finance,40,43894,6,39,40,No
EMP4807,Operations,34,47595,14,33,46,No
EMP4808,Marketing,24,29645,7,39,64,No
EMP4809,HR,45,53195,2,45,40,No
EMP4810,Finance,49,116024,6,31,99,No
EMP4811,HR,23,102929,11,54,90,Yes
EMP4812,Finance,29,34185,19,41,52,No
EMP4813,Marketing,58,29086,1,40,69,No
EMP4814,Sales,22,32855,4,45,55,No
EMP4815,Marketing,21,28407,15,36,79,No
EMP4816,IT,23,110766,15,35,50,Yes
EMP4817,IT,55,74895,19,31,87,Yes
EMP4818,HR,45,89961,5,35,47,Yes
EMP4819,Sales,41,118053,9,53,66,No
EMP4820,Finance,28,99642,6,47,91,No
EMP4821,HR,51,25824,15,38,59,No
EMP4822,HR,30,54567,10,39,94,Yes
EMP4823,IT,32,72257,5,32,81,Yes
EMP4824,IT,42,48735,7,59,77,Yes
EMP4825,HR,30,112073,1,48,57,No
EMP4826,Finance,51,48631,13,49,41,No
EMP4827,IT,47,109089,12,40,46,No
EMP4828,IT,51,78605,3,50,69,No
EMP4829,Sales,56,28159,5,38,100,Yes
EMP4830,Operations,43,101591,18,41,47,No
EMP4831,IT,27,38933,19,51,47,No
EMP4832,Marketing,58,36916,6,55,67,No
EMP4833,Finance,39,104514,18,58,66,Yes
EMP4834,Marketing,48,92331,14,34,53,No
EMP4835,HR,21,90562,17,38,59,No
EMP4836,HR,53,55241,15,56,82,Yes
EMP4837,HR,57,39357,19,31,71,Yes
EMP4838,Marketing,29,36239,14,39,42,Yes
EMP4839,Marketing,54,51424,13,49,86,Yes
EMP4840,IT,41,55207,9,47,57,No
EMP4841,Sales,49,30121,17,35,47,No
EMP4842,Marketing,47,66754,9,43,51,No
EMP4843,HR,31,33640,6,36,87,Yes
EMP4844,Operations,30,26906,12,58,61,Yes
EMP4845,IT,34,25259,2,30,41,No
EMP4846,Finance,36,63232,13,44,55,No
EMP4847,Marketing,21,25440,17,46,76,No
EMP4848,Marketing,26,40901,9,33,65,No
EMP4849,HR,58,37103,13,48,88,Yes
EMP4850,IT,36,43201,16,36,99,Yes
EMP4851,Marketing,55,100650,15,53,85,Yes
EMP4852,Finance,21,96011,11,39,74,No
EMP4853,HR,56,80739,16,38,64,No
EMP4854,HR,22,103213,19,46,57,No
EMP4855,IT,48,40563,4,53,93,Yes
EMP4856,Finance,26,37598,17,58,45,No
EMP4857,Operations,59,97783,12,52,56,No
EMP4858,IT,57,65507,5,30,52,No
EMP4859,Operations,21,33967,12,36,60,No
EMP4860,Sales,47,78885,1,44,60,No
EMP4861,Marketing,59,103280,9,39,77,No
EMP4862,Sales,46,81615,15,34,85,Yes
EMP4863,HR,56,43081,9,58,81,Yes
EMP4864,IT,55,37006,17,34,98,Yes
EMP4865,IT,53,83554,20,59,89,Yes
EMP4866,HR,30,76259,5,31,73,Yes
EMP4867,HR,52,59351,11,58,48,No
EMP4868,Sales,33,78947,10,35,100,No
EMP4869,Sales,50,27280,1,39,45,No
EMP4870,HR,56,43283,18,52,61,No
EMP4871,HR,47,34102,6,55,80,No
EMP4872,Sales,57,27346,10,51,95,No
EMP4873,HR,23,32973,15,49,51,No
EMP4874,Sales,48,78529,1,31,45,No
EMP4875,IT,54,43785,15,32,41,Yes
EMP4876,Operations,32,51280,5,48,87,No
EMP4877,Operations,48,33997,12,32,48,Yes
EMP4878,Sales,55,118759,12,30,71,No
EMP4879,Finance,41,54411,9,39,64,No
EMP4880,Sales,32,43917,15,43,54,No
EMP4881,Sales,45,28296,4,49,45,No
EMP4882,HR,44,90433,7,60,86,Yes
EMP4883,IT,37,55785,12,47,66,Yes
EMP4884,Finance,55,47161,6,60,60,No
EMP4885,Operations,29,85142,6,42,68,No
EMP4886,Marketing,46,79828,13,59,62,No
EMP4887,Finance,30,42042,9,32,99,Yes
EMP4888,Finance,47,96536,15,46,94,No
EMP4889,Marketing,39,87037,15,56,45,No
EMP4890,Marketing,24,108769,7,41,40,Yes
EMP4891,HR,53,64755,17,48,70,No
EMP4892,IT,29,55840,11,57,57,No
EMP4893,Sales,24,65270,14,58,87,Yes
EMP4894,Marketing,30,39478,5,32,61,No
EMP4895,Finance,37,104246,12,35,62,No
EMP4896,IT,22,77385,9,55,58,No
EMP4897,HR,28,38248,20,45,89,Yes
EMP4898,Marketing,26,94624,5,44,55,Yes
EMP4899,Operations,48,55605,10,37,61,No
EMP4900,Sales,53,90888,6,53,44,No
EMP4901,Sales,58,80020,18,30,65,No
EMP4902,HR,43,37889,4,31,51,Yes
EMP4903,Sales,40,50699,9,32,91,Yes
EMP4904,IT,22,40527,13,31,59,No
EMP4905,Marketing,48,25549,8,45,49,No
EMP4906,Operations,53,75469,2,31,52,No
EMP4907,Operations,33,38767,20,44,75,No
EMP4908,Marketing,59,31487,3,32,91,Yes
EMP4909,HR,34,64035,16,56,47,No
EMP4910,Operations,52,37963,19,56,69,No
EMP4911,Marketing,47,30975,4,58,80,Yes
EMP4912,IT,43,114619,20,54,43,No
EMP4913,Sales,27,101262,10,57,80,Yes
EMP4914,Marketing,42,72796,1,50,47,Yes
EMP4915,Finance,42,54288,11,46,50,No
EMP4916,HR,51,46819,18,46,83,No
EMP4917,Finance,54,25453,16,34,89,Yes
EMP4918,HR,35,86334,4,60,66,Yes
EMP4919,HR,56,115473,17,33,89,Yes
EMP4920,IT,29,51581,20,58,88,Yes
EMP4921,Finance,37,88061,16,54,47,No
EMP4922,Finance,42,54712,2,44,96,Yes
EMP4923,HR,21,48863,10,47,40,No
EMP4924,Operations,56,73016,12,44,95,No
EMP4925,HR,21,47245,9,51,95,Yes
EMP4926,IT,34,76807,6,35,92,Yes
EMP4927,Marketing,23,75390,20,51,88,Yes
EMP4928,Sales,50,59023,13,51,70,Yes
EMP4929,Finance,43,33689,14,49,84,Yes
EMP4930,Marketing,44,116354,5,32,60,Yes
EMP4931,HR,47,64084,5,42,44,Yes
EMP4932,HR,34,50903,12,31,100,No
EMP4933,Operations,54,58820,6,39,94,Yes
EMP4934,Operations,28,106265,18,57,54,No
EMP4935,Sales,55,63382,17,32,54,Yes
EMP4936,Sales,27,80716,20,55,91,Yes
EMP4937,HR,41,54967,2,34,46,No
EMP4938,HR,45,87425,12,54,91,Yes
EMP4939,Finance,39,77989,8,37,82,No
EMP4940,Marketing,42,55496,10,47,45,Yes
EMP4941,Sales,22,40530,9,59,71,No
EMP4942,IT,52,91265,19,55,67,No
EMP4943,HR,41,86926,8,47,61,No
EMP4944,HR,29,96566,3,58,68,No
EMP4945,Sales,27,42561,8,48,63,No
EMP4946,Finance,53,37905,11,41,56,No
EMP4947,Operations,23,113007,20,44,50,No
EMP4948,Finance,22,45120,10,55,58,No
EMP4949,Operations,44,61724,14,54,69,No
EMP4950,HR,43,33474,15,33,41,No
EMP4951,HR,53,85797,4,41,64,No
EMP4952,Operations,51,94672,8,45,82,Yes
EMP4953,IT,27,88789,11,39,54,No
EMP4954,IT,49,63863,3,56,59,No
EMP4955,Sales,50,113043,6,42,43,No
EMP4956,IT,42,59021,13,51,73,No
EMP4957,IT,49,49371,18,46,93,Yes
EMP4958,HR,49,79607,14,38,48,Yes
EMP4959,Operations,45,114547,7,34,70,No
EMP4960,Operations,34,69336,7,53,75,No
EMP4961,Finance,51,79731,5,41,78,Yes
EMP4962,Marketing,48,119638,17,56,70,No
EMP4963,Finance,22,59504,17,59,99,Yes
EMP4964,Finance,58,114053,8,35,43,No
EMP4965,Sales,36,59040,1,41,90,Yes
EMP4966,Marketing,59,43977,16,36,76,No
EMP4967,HR,41,103142,15,43,100,Yes
EMP4968,HR,41,50146,11,43,68,Yes
EMP4969,Finance,53,103037,15,45,85,Yes
EMP4970,Sales,31,82191,3,48,85,No
EMP4971,IT,54,59035,5,57,51,No
EMP4972,Finance,29,84695,7,35,43,No
EMP4973,IT,30,88195,4,33,88,Yes
EMP4974,Finance,44,110360,16,43,78,Yes
EMP4975,Finance,27,80434,6,31,89,Yes
EMP4976,Marketing,55,73752,4,39,57,No
EMP4977,Finance,57,97542,8,31,63,No
EMP4978,HR,48,100836,1,36,77,No
EMP4979,IT,32,28878,6,53,66,No
EMP4980,Marketing,56,26823,4,58,57,No
EMP4981,Finance,38,89940,3,31,67,No
EMP4982,HR,49,85889,1,59,53,No
EMP4983,HR,46,50430,15,58,89,Yes
EMP4984,Sales,21,29312,10,48,52,No
EMP4985,Finance,50,49056,9,59,57,No
EMP4986,IT,28,82746,6,48,57,No
EMP4987,Finance,36,97772,1,47,54,No
EMP4988,HR,46,67611,9,31,50,No
EMP4989,Marketing,56,67604,4,52,78,Yes
EMP4990,Marketing,35,41675,15,52,50,No
EMP4991,Finance,32,95899,3,35,97,Yes
EMP4992,Finance,35,70621,2,39,89,Yes
EMP4993,Finance,24,41441,14,52,66,No
EMP4994,Operations,42,47497,15,57,50,No
EMP4995,Sales,43,51923,19,45,56,No
EMP4996,Operations,58,73973,1,44,86,Yes
EMP4997,Marketing,48,64498,1,43,87,Yes
EMP4998,Sales,47,27844,6,31,74,Yes
EMP4999,Operations,27,99061,6,49,42,No
EMP5000,HR,44,64228,8,49,42,No
